,dailysamples,dailyconfirmed,dailyrecovered,dailydeceased,totalcritical,ventilatorpatients,totalsamples,totalconfirmed,totalhospital,totalrecovered,totaldeceased,totalhousesurvey,populationcovered,housescovered,flu,active_hosp,active_home,Date
1,153.0,15.0,0.0,2.0,,,2231.0,255.0,198.0,26.0,31.0,733.0,1930096.0,564875.0,56.0,,,12.04.2020
2,115.0,33.0,1.0,2.0,4.0,,2346.0,278.0,218.0,27.0,33.0,751.0,2152692.0,633618.0,201.0,,,13.04.2020
3,157.0,44.0,1.0,4.0,6.0,,2503.0,322.0,260.0,28.0,34.0,743.0,2355472.0,701736.0,87.0,,,14.04.2020
4,220.0,55.0,1.0,4.0,5.0,,2723.0,377.0,307.0,29.0,41.0,795.0,2576501.0,773284.0,110.0,,,15.04.2020
5,265.0,65.0,0.0,5.0,7.0,,2988.0,442.0,367.0,29.0,46.0,796.0,2798651.0,844189.0,141.0,,,16.04.2020
6,256.0,59.0,4.0,3.0,10.0,,3244.0,501.0,421.0,33.0,47.0,763.0,3092727.0,923870.0,89.0,,,17.04.2020
7,362.0,43.0,4.0,2.0,8.0,,3606.0,544.0,459.0,37.0,48.0,,,,,,,18.04.2020
8,181.0,42.0,18.0,0.0,15.0,,3787.0,586.0,482.0,55.0,49.0,,,,,,,19.04.2020
9,182.0,80.0,13.0,0.0,14.0,,3969.0,666.0,548.0,68.0,50.0,739.0,3737021.0,1083265.0,140.0,,,20.04.2020
10,340.0,42.0,19.0,2.0,15.0,,4309.0,708.0,569.0,87.0,52.0,750.0,3981330.0,1159283.0,131.0,,,21.04.2020
11,562.0,64.0,35.0,4.0,26.0,,4871.0,772.0,594.0,122.0,56.0,754.0,4063784.0,1234470.0,106.0,,,22.04.2020
12,667.0,104.0,8.0,4.0,36.0,,5538.0,876.0,686.0,130.0,60.0,474.0,4298516.0,1308879.0,95.0,,,23.04.2020
13,367.0,72.0,6.0,5.0,44.0,5.0,7230.0,1139.0,768.0,165.0,72.0,,,,,,,26.04.2020
14,445.0,78.0,11.0,3.0,49.0,3.0,7675.0,1217.0,821.0,176.0,75.0,972.0,5062457.0,1544375.0,212.0,,,27.04.2020
15,510.0,122.0,27.0,2.0,73.0,15.0,8185.0,1339.0,919.0,203.0,79.0,934.0,5323085.0,1627099.0,94.0,,,28.04.2020
16,673.0,93.0,27.0,2.0,70.0,14.0,8858.0,1432.0,980.0,230.0,81.0,1008.0,5612516.0,1715649.0,59.0,,,29.04.2020
17,340.0,86.0,44.0,7.0,70.0,14.0,9198.0,1518.0,1022.0,274.0,85.0,1044.0,5894519.0,1800448.0,44.0,,,30.04.2020
18,691.0,93.0,51.0,7.0,64.0,12.0,9889.0,1611.0,1057.0,325.0,92.0,1004.0,6163716.0,1883128.0,50.0,,,01.05.2020
19,413.0,107.0,53.0,3.0,67.0,11.0,10302.0,1718.0,1246.0,378.0,94.0,1073.0,6828243.0,1969369.0,55.0,,,02.05.2020
20,451.0,99.0,55.0,7.0,75.0,17.0,10753.0,1817.0,1152.0,433.0,101.0,,,,,,,03.05.2020
21,106.0,61.0,50.0,6.0,76.0,20.0,10859.0,1878.0,1150.0,483.0,107.0,,,,,,,04.05.2020
22,998.0,65.0,,4.0,76.0,20.0,16679.0,1943.0,1297.0,535.0,111.0,975.0,7400712.0,2140597.0,64.0,,,05.05.2020
23,890.0,86.0,52.0,7.0,79.0,18.0,17569.0,2029.0,1324.0,587.0,118.0,987.0,7701559.0,2229365.0,45.0,,,06.05.2020
24,1059.0,117.0,84.0,7.0,72.0,11.0,18628.0,2146.0,1350.0,671.0,125.0,946.0,7987304.0,2303714.0,51.0,,,07.05.2020
25,1642.0,99.0,61.0,12.0,76.0,12.0,20270.0,2245.0,1377.0,732.0,137.0,,,,,,,08.05.2020
26,1543.0,135.0,96.0,4.0,70.0,12.0,21813.0,2380.0,1414.0,826.0,140.0,,,,,,,09.05.2020
27,938.0,102.0,194.0,3.0,92.0,17.0,22751.0,2482.0,1318.0,1020.0,145.0,,,,,,,10.05.2020
28,1008.0,91.0,69.0,5.0,98.0,19.0,23759.0,2573.0,1335.0,1089.0,149.0,939.0,8893882.0,2565520.0,40.0,,,11.05.2020
29,989.0,164.0,120.0,7.0,107.0,25.0,24748.0,2737.0,1372.0,1209.0,156.0,936.0,9204682.0,2655763.0,40.0,,,12.05.2020
30,1205.0,87.0,168.0,7.0,115.0,32.0,25953.0,2824.0,1284.0,1377.0,163.0,942.0,9527043.0,2749285.0,45.0,,,13.05.2020
31,1414.0,163.0,109.0,6.0,116.0,34.0,27349.0,2987.0,1332.0,1486.0,169.0,944.0,9836484.0,2920804.0,51.0,,,14.05.2020
32,1652.0,106.0,144.0,5.0,132.0,33.0,29001.0,3093.0,1289.0,1630.0,174.0,934.0,10150240.0,3012049.0,42.0,,,15.05.2020
33,1205.0,202.0,68.0,11.0,149.0,41.0,30224.0,3295.0,1412.0,1698.0,185.0,822.0,10448921.0,3097646.0,26.0,,,16.05.2020
34,693.0,201.0,53.0,9.0,141.0,45.0,30917.0,3496.0,1551.0,1751.0,194.0,,,,,,,17.05.2020
35,1419.0,102.0,49.0,5.0,148.0,50.0,32336.0,3598.0,1599.0,1800.0,199.0,801.0,10728496.0,3177232.0,42.0,,,18.05.2020
36,1459.0,149.0,110.0,8.0,156.0,43.0,33795.0,3747.0,1630.0,1910.0,207.0,764.0,10978998.0,3248816.0,20.0,,,19.05.2020
37,1507.0,152.0,113.0,14.0,165.0,43.0,35302.0,3899.0,1656.0,2023.0,221.0,731.0,11222312.0,3318942.0,38.0,,,20.05.2020
38,1733.0,208.0,159.0,7.0,169.0,44.0,37035.0,4107.0,1698.0,2182.0,227.0,712.0,11460451.0,3387985.0,27.0,,,21.05.2020
39,1735.0,291.0,189.0,14.0,168.0,49.0,38770.0,4398.0,1786.0,2371.0,241.0,715.0,11690770.0,3456708.0,39.0,,,22.05.2020
40,1723.0,205.0,92.0,7.0,170.0,42.0,40493.0,4603.0,1892.0,2463.0,248.0,1106.0,11696949.0,3458737.0,37.0,,,23.05.2020
41,681.0,179.0,77.0,7.0,176.0,47.0,41174.0,4782.0,1977.0,2550.0,255.0,,,,,,,24.05.2020
42,689.0,399.0,175.0,10.0,179.0,44.0,41863.0,5181.0,2182.0,2735.0,264.0,669.0,11913350.0,3514618.0,21.0,,,25.05.2020
43,2044.0,246.0,140.0,9.0,176.0,44.0,43907.0,5427.0,2279.0,2875.0,273.0,726.0,12146109.0,3583074.0,11.0,,,26.05.2020
44,1360.0,106.0,184.0,11.0,171.0,50.0,45267.0,5533.0,2190.0,3059.0,284.0,734.0,12383074.0,3650537.0,24.0,,,27.05.2020
45,1315.0,318.0,205.0,10.0,150.0,49.0,46582.0,5851.0,2294.0,3264.0,293.0,551.0,12559845.0,3701113.0,10.0,,,28.05.2020
46,1179.0,242.0,186.0,10.0,166.0,45.0,47761.0,6093.0,2340.0,3450.0,303.0,571.0,12738419.0,3751405.0,40.0,,,29.05.2020
47,1200.0,108.0,194.0,8.0,170.0,43.0,48961.0,6201.0,2248.0,3644.0,309.0,564.0,12926337.0,3804203.0,9.0,,,30.05.2020
48,359.0,271.0,138.0,6.0,173.0,42.0,49320.0,6472.0,2376.0,3782.0,314.0,,,,,,,31.05.2020
49,1597.0,57.0,168.0,6.0,174.0,46.0,50917.0,6529.0,2259.0,3950.0,320.0,581.0,13089416.0,3846611.0,42.0,,,1.06.2020
50,1543.0,266.0,169.0,25.0,165.0,35.0,52460.0,6795.0,2331.0,4119.0,345.0,536.0,13248025.0,3890928.0,30.0,,,2.06.2020
51,1249.0,294.0,229.0,8.0,165.0,43.0,53709.0,7089.0,2389.0,4348.0,352.0,498.0,13374837.0,3925887.0,13.0,,,3.06.2020
52,1441.0,176.0,157.0,11.0,176.0,40.0,55150.0,7265.0,2399.0,4505.0,361.0,292.0,13456220.0,3949393.0,4.0,,,4.06.2020
53,1656.0,182.0,170.0,9.0,183.0,45.0,56806.0,7447.0,2402.0,4675.0,370.0,571.0,13622530.0,3997089.0,23.0,,,5.06.2020
54,1649.0,275.0,259.0,3.0,195.0,49.0,58455.0,7722.0,2413.0,4934.0,372.0,502.0,13778921.0,4042454.0,33.0,,,6.06.2020
55,235.0,159.0,85.0,6.0,209.0,50.0,58690.0,7881.0,2484.0,5019.0,378.0,,,,,,,7.06.2020
56,2108.0,181.0,166.0,13.0,204.0,43.0,60798.0,8062.0,2486.0,5185.0,391.0,610.0,13962412.0,4095309.0,24.0,,,8.06.2020
57,1697.0,143.0,119.0,12.0,189.0,37.0,62495.0,8205.0,2498.0,5304.0,403.0,588.0,14139347.0,4147438.0,39.0,,,9.06.2020
58,1949.0,304.0,271.0,3.0,214.0,43.0,64444.0,8509.0,2528.0,5575.0,406.0,576.0,14306079.0,4196226.0,37.0,,,10.06.2020
59,2043.0,268.0,207.0,7.0,216.0,53.0,66487.0,8777.0,2582.0,5782.0,413.0,640.0,14497820.0,4251633.0,36.0,,,11.06.2020
60,2249.0,305.0,142.0,12.0,222.0,49.0,68736.0,9082.0,2733.0,5924.0,425.0,656.0,14699892.0,4310666.0,36.0,,,12.06.2020
61,2476.0,254.0,163.0,14.0,208.0,47.0,71212.0,9336.0,2810.0,6087.0,439.0,642.0,14885765.0,4365798.0,16.0,,,13.06.2020
62,1345.0,320.0,123.0,9.0,203.0,45.0,71425.0,9656.0,2998.0,6210.0,448.0,,,,,,,14.06.2020
63,2234.0,234.0,236.0,10.0,230.0,40.0,73659.0,9890.0,2986.0,6446.0,458.0,647.0,15080647.0,4423555.0,33.0,,,15.06.2020
64,2547.0,293.0,150.0,11.0,213.0,41.0,76206.0,10183.0,3118.0,6596.0,469.0,624.0,15262567.0,4475060.0,35.0,,,16.06.2020
65,2841.0,460.0,117.0,12.0,232.0,44.0,79047.0,10643.0,3449.0,6713.0,481.0,589.0,15441369.0,4527088.0,20.0,,,17.06.2020
66,2464.0,472.0,193.0,6.0,245.0,49.0,81511.0,11115.0,3772.0,6906.0,487.0,428.0,15554441.0,4561295.0,13.0,,,18.06.2020
67,2676.0,350.0,157.0,6.0,265.0,53.0,84187.0,11465.0,3909.0,7063.0,493.0,288.0,15637216.0,4588523.0,25.0,,,19.06.2020
68,2684.0,389.0,183.0,11.0,273.0,52.0,86871.0,11854.0,4086.0,7264.0,504.0,229.0,15707144.0,4609215.0,29.0,,,20.06.2020
69,1261.0,620.0,171.0,6.0,290.0,60.0,87179.0,12474.0,4529.0,7435.0,510.0,,,,,,,21.06.2020
70,3227.0,212.0,255.0,8.0,280.0,55.0,90406.0,12686.0,4496.0,7672.0,518.0,199.0,15758200.0,4625113.0,17.0,,,22.06.2020
71,3402.0,467.0,273.0,10.0,277.0,57.0,93808.0,13153.0,4680.0,7945.0,528.0,213.0,15807381.0,4639230.0,20.0,,,23.06.2020
72,3416.0,501.0,155.0,17.0,277.0,56.0,97224.0,13654.0,5009.0,8100.0,545.0,209.0,15857567.0,4653418.0,24.0,,,24.06.2020
73,3453.0,531.0,202.0,13.0,316.0,63.0,100677.0,14185.0,5325.0,8302.0,558.0,206.0,15904070.0,4666869.0,15.0,,,25.06.2020
74,3378.0,595.0,331.0,14.0,330.0,67.0,104055.0,14780.0,5575.0,8633.0,572.0,181.0,15946074.0,4679354.0,28.0,,,26.06.2020
75,3255.0,822.0,486.0,19.0,308.0,65.0,107310.0,15602.0,5892.0,9119.0,591.0,194.0,15988158.0,4691526.0,9.0,,,27.06.2020
76,1543.0,523.0,328.0,22.0,324.0,54.0,108003.0,16125.0,6065.0,9447.0,613.0,,,,,,,28.06.2020
77,4038.0,617.0,482.0,5.0,333.0,61.0,112041.0,16742.0,6195.0,9929.0,618.0,166.0,16016358.0,4700055.0,12.0,,,29.06.2020
78,3949.0,486.0,522.0,25.0,350.0,59.0,115990.0,17228.0,6134.0,10451.0,643.0,156.0,16046748.0,4708089.0,,,,30.06.2020
79,4068.0,877.0,589.0,19.0,347.0,55.0,120058.0,18105.0,6403.0,11040.0,662.0,226.0,16081138.0,4718642.0,,,,1.07.2020
80,4140.0,937.0,631.0,14.0,344.0,56.0,124198.0,19402.0,6695.0,11671.0,676.0,278.0,16118595.0,4730159.0,18.0,,,2.07.2020
81,4250.0,807.0,619.0,9.0,389.0,59.0,128448.0,19849.0,6874.0,12290.0,685.0,258.0,16156299.0,4742458.0,8.0,,,3.07.2020
82,3757.0,819.0,399.0,18.0,385.0,56.0,132205.0,20668.0,7276.0,12689.0,703.0,265.0,16195728.0,4755129.0,26.0,,,4.07.2020
83,2704.0,852.0,420.0,12.0,410.0,70.0,132816.0,21520.0,7696.0,13109.0,715.0,,,,,,,5.07.2020
84,4548.0,861.0,630.0,15.0,368.0,64.0,137364.0,22381.0,7912.0,13739.0,730.0,265.0,16195728.0,4755129.0,26.0,,,6.07.2020
85,3853.0,640.0,672.0,21.0,385.0,63.0,141217.0,23021.0,7859.0,14411.0,751.0,241.0,16263699.0,4775365.0,11.0,,,7.07.2020
86,4727.0,1147.0,587.0,19.0,401.0,79.0,145944.0,24168.0,8400.0,14998.0,770.0,231.0,16296160.0,4785674.0,16.0,,,8.07.2020
87,4684.0,1006.0,581.0,16.0,402.0,75.0,150628.0,25174.0,8809.0,15579.0,786.0,219.0,16332444.0,4796686.0,,,,9.07.2020
88,4315.0,903.0,609.0,14.0,443.0,74.0,154943.0,26077.0,9089.0,16188.0,800.0,286.0,16375649.0,4808207.0,17.0,,,10.07.2020
89,4398.0,827.0,808.0,16.0,461.0,64.0,159341.0,26904.0,9092.0,16996.0,816.0,320.0,16417619.0,4820210.0,54.0,,,11.07.2020
90,1514.0,621.0,486.0,24.0,487.0,72.0,160855.0,27525.0,9203.0,17482.0,840.0,,,,,,,12.07.2020
91,5168.0,832.0,614.0,9.0,486.0,74.0,166023.0,28357.0,9412.0,18096.0,849.0,361.0,16457998.0,4833046.0,,,,13.07.2020
92,5749.0,750.0,728.0,25.0,513.0,76.0,171772.0,29107.0,9409.0,18824.0,874.0,444.0,16513361.0,4849666.0,13.0,,,14.07.2020
93,6343.0,1416.0,746.0,15.0,502.0,76.0,178115.0,30523.0,10064.0,19570.0,889.0,491.0,16571294.0,4866489.0,68.0,,,15.07.2020
94,6582.0,1812.0,764.0,17.0,536.0,80.0,184697.0,31884.0,10644.0,20334.0,906.0,469.0,16634735.0,4884101.0,58.0,,,16.07.2020
95,6811.0,1705.0,773.0,11.0,527.0,82.0,191508.0,34040.0,12016.0,21107.0,917.0,536.0,16707273.0,4904269.0,88.0,,,17.07.2020
96,6891.0,1838.0,774.0,18.0,547.0,89.0,198489.0,35878.0,13062.0,21881.0,935.0,542.0,16772366.0,4924652.0,27.0,,,18.07.2020
97,3815.0,1508.0,730.0,41.0,557.0,94.0,202304.0,37386.0,13799.0,22611.0,976.0,70.0,16780733.0,4927396.0,2.0,,,19.07.2020
98,6918.0,1817.0,830.0,29.0,591.0,96.0,209222.0,39203.0,14757.0,23441.0,1005.0,530.0,16841934.0,4946911.0,,,,20.07.2020
99,6222.0,1512.0,805.0,30.0,616.0,99.0,215444.0,40715.0,15434.0,24246.0,1035.0,573.0,16918410.0,4969581.0,30.0,,,21.07.2020
100,7595.0,1751.0,883.0,33.0,609.0,94.0,223039.0,42466.0,16269.0,25129.0,1068.0,612.0,16995010.0,4991407.0,48.0,,,22.07.2020
101,6665.0,1599.0,779.0,36.0,589.0,82.0,229704.0,44065.0,17053.0,25908.0,1104.0,609.0,17075542.0,5016470.0,45.0,,,23.07.2020
102,5747.0,1479.0,817.0,29.0,663.0,102.0,235451.0,45544.0,17686.0,26725.0,1133.0,630.0,17164044.0,5041305.0,49.0,,,24.07.2020
103,6090.0,1521.0,693.0,20.0,673.0,115.0,241541.0,47065.0,18494.0,27418.0,1153.0,552.0,17248877.0,5066388.0,30.0,,,25.07.2020
104,2506.0,992.0,175.0,13.0,682.0,105.0,244047.0,48057.0,18298.0,28593.0,1166.0,,,,,,,26.07.2020
105,4467.0,1160.0,896.0,16.0,744.0,97.0,248514.0,49217.0,18546.0,29489.0,1182.0,609.0,17352357.0,5090627.0,,,,27.07.2020
106,6567.0,1213.0,591.0,33.0,742.0,98.0,255081.0,50430.0,19135.0,30080.0,1215.0,648.0,17439433.0,5115824.0,,,,28.07.2020
107,5919.0,1308.0,2543.0,39.0,845.0,99.0,261000.0,51738.0,17861.0,32623.0,1254.0,647.0,17527217.0,5142099.0,75.0,,,29.07.2020
108,6241.0,1699.0,1315.0,30.0,927.0,100.0,267241.0,53437.0,18215.0,33938.0,1284.0,575.0,17606271.0,5165610.0,21.0,,,30.07.2020
109,6151.0,818.0,1185.0,28.0,626.0,100.0,273392.0,54255.0,17820.0,35123.0,1312.0,613.0,17684095.0,5189400.0,24.0,,,31.07.2020
110,5863.0,1506.0,1791.0,23.0,638.0,100.0,279255.0,55761.0,17512.0,36914.0,1335.0,638.0,17756739.0,5211336.0,14.0,,,1.08.2020
111,3620.0,1271.0,1203.0,31.0,639.0,97.0,281840.0,57523.0,18040.0,38117.0,1366.0,294.0,17807999.0,5226226.0,14.0,,,2.08.2020
112,4604.0,1270.0,1822.0,18.0,633.0,98.0,286444.0,58304.0,16981.0,39939.0,1384.0,,,,,,,3.08.2020
113,5595.0,1192.0,1312.0,28.0,656.0,404.0,292039.0,59496.0,16833.0,41251.0,1412.0,582.0,17891452.0,5252645.0,19.0,,,4.08.2020
114,5698.0,1101.0,1159.0,17.0,675.0,425.0,297737.0,60597.0,16758.0,42410.0,1429.0,589.0,17952148.0,5271567.0,23.0,,,5.08.2020
115,5208.0,1440.0,1196.0,27.0,674.0,425.0,302945.0,62037.0,16975.0,43606.0,1456.0,,,,,,,6.08.2020
116,5584.0,1249.0,1168.0,23.0,703.0,439.0,308529.0,63286.0,17033.0,44774.0,1479.0,,,,,,,7.08.2020
117,5051.0,1290.0,1961.0,37.0,717.0,443.0,313580.0,64576.0,16325.0,46735.0,1516.0,,,,,,,8.08.2020
118,6008.0,1390.0,1879.0,24.0,726.0,448.0,319588.0,65966.0,15812.0,48614.0,1540.0,,,,,,,9.08.2020
119,5133.0,761.0,1499.0,31.0,738.0,444.0,324721.0,66727.0,15043.0,50113.0,1571.0,,,,,,,10.08.2020
120,5320.0,924.0,1240.0,22.0,735.0,443.0,330041.0,67651.0,14705.0,51353.0,1593.0,530.0,18243953.0,5354905.0,20.0,,,11.08.2020
121,6213.0,1584.0,1449.0,28.0,735.0,445.0,336254.0,69236.0,14812.0,52802.0,1621.0,463.0,18291181.0,5368233.0,32.0,,,12.08.2020
122,6335.0,1091.0,1156.0,35.0,737.0,448.0,342589.0,70326.0,14712.0,53958.0,1656.0,458.0,18339625.0,5383022.0,25.0,,,13.08.2020
123,5673.0,1177.0,1142.0,27.0,750.0,467.0,348262.0,71503.0,14720.0,55100.0,1683.0,443.0,18396832.0,5398828.0,26.0,,,14.08.2020
124,5840.0,1073.0,1145.0,27.0,760.0,466.0,354102.0,72576.0,14621.0,56245.0,1710.0,458.0,18339625.0,5383022.0,25.0,,,15.08.2020
125,5707.0,1522.0,1412.0,29.0,760.0,462.0,359809.0,74098.0,14702.0,57657.0,1739.0,,,,,,,16.08.2020
126,4635.0,835.0,1049.0,46.0,765.0,464.0,364444.0,74993.0,14442.0,58706.0,1785.0,453.0,18496341.0,5432100.0,13.0,,,17.08.2020
127,5947.0,1224.0,1168.0,29.0,760.0,463.0,370391.0,76157.0,14469.0,59874.0,1814.0,440.0,18550103.0,5450276.0,23.0,,,18.08.2020
128,6690.0,1211.0,1089.0,35.0,815.0,483.0,377081.0,77368.0,14556.0,60963.0,1849.0,449.0,18606554.0,5469315.0,43.0,,,19.08.2020
129,6747.0,1669.0,1386.0,33.0,802.0,486.0,383828.0,79037.0,14806.0,62349.0,1882.0,456.0,18666239.0,5487285.0,11.0,,,20.08.2020
130,7208.0,1556.0,1570.0,35.0,793.0,483.0,391036.0,80593.0,14757.0,63919.0,1917.0,468.0,18721219.0,5507134.0,19.0,,,21.08.2020
131,6891.0,1577.0,1427.0,33.0,804.0,488.0,397927.0,82170.0,14874.0,65346.0,1950.0,,,,,,,22.08.2020
132,4868.0,1225.0,1243.0,38.0,803.0,493.0,402795.0,83395.0,14818.0,66589.0,1988.0,318.0,18745112.0,5518613.0,8.0,,,23.08.2020
133,5129.0,1101.0,1188.0,45.0,802.0,487.0,407924.0,84496.0,14686.0,67777.0,2033.0,426.0,18805573.0,5538733.0,11.0,,,24.08.2020
134,6370.0,1204.0,1123.0,44.0,796.0,483.0,414294.0,85700.0,14723.0,68900.0,2077.0,487.0,18860065.0,5562103.0,9.0,,,25.08.2020
135,6164.0,1617.0,1369.0,31.0,812.0,492.0,420458.0,87317.0,14940.0,70269.0,2108.0,474.0,18922309.0,5582937.0,11.0,,,26.08.2020
136,6092.0,1773.0,1680.0,38.0,818.0,496.0,426550.0,89090.0,14995.0,71949.0,2146.0,464.0,18978858.0,5602167.0,,,,27.08.2020
137,6449.0,1781.0,1578.0,40.0,827.0,498.0,432999.0,90871.0,15158.0,73527.0,2168.0,426.0,19021470.0,5617536.0,24.0,,,28.08.2020
138,7047.0,1968.0,1657.0,46.0,834.0,506.0,440046.0,92839.0,15423.0,75184.0,2232.0,472.0,19078390.0,5636834.0,13.0,,,29.08.2020
139,5713.0,1658.0,1502.0,35.0,833.0,507.0,445759.0,94497.0,15544.0,76686.0,2267.0,,,,,,,30.08.2020
140,2847.0,876.0,1384.0,37.0,884.0,527.0,451053.0,95373.0,14999.0,78070.0,2304.0,462.0,19133020.0,5655700.0,15.0,,,31.08.2020
141,6753.0,1695.0,1419.0,28.0,890.0,529.0,457806.0,97068.0,15247.0,79489.0,2332.0,,,,,,,1.09.2020
142,6215.0,1627.0,1408.0,43.0,1040.0,530.0,464021.0,98695.0,15423.0,80897.0,2375.0,476.0,19187462.0,5674690.0,18.0,,,2.09.2020
143,6734.0,1764.0,1188.0,26.0,885.0,530.0,470755.0,100459.0,15973.0,82085.0,2401.0,470.0,19238992.0,5692410.0,21.0,,,3.09.2020
144,6723.0,1617.0,1830.0,30.0,891.0,529.0,477478.0,102076.0,15730.0,83915.0,2431.0,430.0,19289373.0,5710223.0,15.0,,,4.09.2020
145,6704.0,1736.0,1456.0,37.0,910.0,529.0,484182.0,103812.0,15973.0,85371.0,2468.0,473.0,19352873.0,5731939.0,16.0,,,5.09.2020
146,7235.0,3002.0,1569.0,44.0,910.0,478.0,491417.0,105905.0,16453.0,86940.0,2512.0,,,,,,,6.09.2020
147,3354.0,1144.0,1639.0,37.0,912.0,480.0,494771.0,107958.0,16830.0,88579.0,2549.0,478.0,19424644.0,5755155.0,12.0,,,7.09.2020
148,5486.0,1880.0,2022.0,35.0,912.0,480.0,500257.0,109838.0,16653.0,90601.0,2584.0,502.0,19494486.0,5778722.0,18.0,,,8.09.2020
149,7609.0,2078.0,2013.0,41.0,927.0,483.0,507866.0,111916.0,16677.0,92614.0,2625.0,500.0,19563344.0,5801579.0,20.0,,,9.09.2020
150,6795.0,1916.0,1838.0,43.0,940.0,485.0,514661.0,113832.0,16712.0,94452.0,2668.0,519.0,19631229.0,5825151.0,18.0,6915.0,9797.0,10.09.2020
151,6588.0,1938.0,1573.0,38.0,917.0,470.0,521249.0,115770.0,17039.0,96025.0,2706.0,541.0,19695290.0,5847229.0,19.0,6523.0,10516.0,11.09.2020
152,6626.0,1909.0,1464.0,42.0,910.0,473.0,527875.0,117679.0,17442.0,97489.0,2748.0,522.0,19777847.0,5869355.0,,6897.0,10545.0,12.09.2020
153,6770.0,1978.0,1587.0,45.0,910.0,440.0,534645.0,119657.0,17788.0,99076.0,2793.0,,,,,6867.0,10550.0,13.09.2020
154,2807.0,867.0,1456.0,39.0,928.0,479.0,537452.0,120757.0,17393.0,100532.0,2832.0,349.0,19834500.0,5888900.0,11.0,6837.0,10556.0,14.09.2020
155,5494.0,1691.0,1563.0,43.0,929.0,473.0,542946.0,122448.0,17478.0,102095.0,2875.0,930.0,19915535.0,5912311.0,927.0,6886.0,10592.0,15.09.2020
156,7162.0,2120.0,1883.0,43.0,936.0,480.0,550108.0,124568.0,17672.0,103978.0,2918.0,768.0,20029671.0,5946342.0,694.0,6970.0,10702.0,16.09.2020
157,6549.0,1964.0,2219.0,45.0,939.0,479.0,556657.0,126532.0,17372.0,106197.0,2963.0,800.0,20141940.0,5980586.0,623.0,6765.0,10607.0,17.09.2020
158,6289.0,1891.0,1926.0,44.0,961.0,493.0,562946.0,128423.0,17293.0,108123.0,3007.0,813.0,20256835.0,6017868.0,540.0,6693.0,10600.0,18.09.2020
159,5919.0,1658.0,1248.0,39.0,957.0,495.0,568865.0,130081.0,17664.0,109371.0,3046.0,823.0,20368410.0,6055111.0,594.0,6707.0,10829.0,19.09.2020
160,6067.0,1787.0,1545.0,38.0,961.0,494.0,574932.0,131781.0,17781.0,110916.0,3084.0,,,,,6722.0,11059.0,20.09.2020
161,2697.0,884.0,1256.0,37.0,952.0,492.0,577629.0,132665.0,17372.0,112172.0,3171.0,758.0,20461365.0,6084843.0,418.0,6508.0,10920.0,21.09.2020
162,5215.0,1364.0,1614.0,46.0,957.0,492.0,582344.0,134029.0,17076.0,113786.0,3167.0,827.0,20566540.0,6119282.0,411.0,6295.0,10781.0,22.09.2020
163,6463.0,1789.0,1512.0,46.0,952.0,496.0,589307.0,135818.0,17037.0,115298.0,3213.0,835.0,20677300.0,6156771.0,442.0,6526.0,10781.0,23.09.2020
164,5642.0,1512.0,1328.0,42.0,957.0,499.0,594949.0,137330.0,17449.0,116626.0,3255.0,863.0,20784190.0,6193534.0,373.0,6547.0,10902.0,24.09.2020
165,6142.0,1621.0,1256.0,41.0,949.0,523.0,601091.0,138951.0,17773.0,117882.0,3296.0,899.0,20897671.0,6232989.0,432.0,6646.0,11127.0,25.09.2020
166,5503.0,1637.0,1695.0,36.0,932.0,514.0,606594.0,140588.0,17679.0,119577.0,3332.0,887.0,21017470.0,6274423.0,416.0,6549.0,11130.0,26.09.2020
167,5614.0,1548.0,1599.0,41.0,940.0,520.0,612208.0,142136.0,17587.0,121176.0,2273.0,,,,,6453.0,11134.0,27.09.2020
168,3212.0,779.0,1105.0,33.0,943.0,520.0,615420.0,142915.0,17228.0,122281.0,3406.0,878.0,21154867.0,6320900.0,410.0,6280.0,10948.0,28.09.2020
169,5678.0,1040.0,1548.0,40.0,938.0,519.0,621098.0,143955.0,16680.0,123829.0,3446.0,904.0,21296015.0,6364243.0,398.0,6170.0,10510.0,29.09.2020
170,6256.0,1336.0,1431.0,40.0,932.0,516.0,627354.0,145291.0,16545.0,125260.0,3486.0,950.0,21471586.0,6414313.0,340.0,6079.0,10466.0,30.09.2020
171,5260.0,1036.0,1170.0,42.0,913.0,512.0,632614.0,146327.0,16369.0,126430.0,3528.0,995.0,21665616.0,6471320.0,359.0,5936.0,10433.0,1.10.2020
172,5724.0,1024.0,1209.0,43.0,910.0,508.0,638338.0,147351.0,16141.0,127639.0,3571.0,1026.0,21849695.0,6526256.0,259.0,5909.0,10232.0,2.10.2020
173,4682.0,1055.0,1286.0,38.0,895.0,505.0,643020.0,148406.0,15872.0,128925.0,3609.0,1032.0,22045229.0,6587610.0,181.0,5849.0,10023.0,3.10.2020
174,4580.0,993.0,1428.0,38.0,899.0,504.0,647600.0,149399.0,15399.0,130353.0,3647.0,1026.0,22232446.0,6649502.0,147.0,5206.0,10193.0,4.10.2020
175,1839.0,391.0,917.0,32.0,905.0,507.0,649439.0,149790.0,14841.0,131270.0,3679.0,1084.0,22407901.0,6703312.0,217.0,5093.0,9748.0,5.10.2020
176,4334.0,643.0,1270.0,30.0,925.0,428.0,653773.0,150433.0,14184.0,132540.0,3709.0,1051.0,22590136.0,6756760.0,296.0,4821.0,9363.0,6.10.2020
177,5438.0,969.0,1060.0,22.0,908.0,493.0,659211.0,151402.0,14071.0,133600.0,3731.0,1049.0,22712823.0,6795477.0,136.0,4702.0,9368.0,7.10.2020
178,4932.0,798.0,805.0,32.0,869.0,496.0,664143.0,152200.0,14032.0,134405.0,3763.0,1058.0,22827508.0,6831606.0,156.0,4585.0,9447.0,8.10.2020
179,4788.0,697.0,970.0,23.0,859.0,493.0,668931.0,152897.0,13736.0,135375.0,3786.0,827.0,22927437.0,6865330.0,133.0,4423.0,9313.0,9.10.2020
180,4231.0,703.0,1117.0,22.0,772.0,437.0,673162.0,153600.0,13300.0,136492.0,3808.0,522.0,23040037.0,6893152.0,,4319.0,8981.0,10.10.2020
181,4269.0,630.0,1010.0,22.0,858.0,453.0,677431.0,154230.0,12898.0,137502.0,3830.0,,,,,4213.0,8685.0,11.10.2020
182,1920.0,351.0,950.0,14.0,856.0,456.0,679351.0,154581.0,12285.0,138452.0,3844.0,,,,,3783.0,8465.0,12.10.2020
183,4090.0,486.0,998.0,27.0,833.0,450.0,683441.0,155067.0,11746.0,139450.0,3871.0,,,,,3353.0,8245.0,13.10.2020
184,4495.0,528.0,1413.0,28.0,839.0,453.0,687936.0,155595.0,10833.0,140863.0,3899.0,,,,,3211.0,7856.0,14.10.2020
185,4220.0,549.0,825.0,21.0,835.0,450.0,692156.0,156144.0,10536.0,141688.0,3920.0,,,,,3069.0,7467.0,15.10.2020
186,3393.0,489.0,681.0,21.0,838.0,446.0,695549.0,156633.0,10323.0,142369.0,3941.0,,,,,2971.0,7352.0,16.10.2020
187,3509.0,418.0,860.0,23.0,827.0,441.0,699058.0,157051.0,9858.0,143229.0,3964.0,,,,,2769.0,7146.0,17.10.2020
188,3066.0,366.0,698.0,19.0,821.0,438.0,702124.0,157417.0,9507.0,143927.0,3983.0,,,,,2567.0,6940.0,18.10.2020
189,1497.0,214.0,505.0,18.0,799.0,434.0,703621.0,157631.0,9198.0,144432.0,4001.0,,,,,2391.0,6807.0,19.10.2020
190,2809.0,328.0,904.0,21.0,779.0,425.0,706430.0,157959.0,8601.0,145336.0,4022.0,,,,,2140.0,6461.0,20.10.2020
191,3581.0,428.0,758.0,23.0,750.0,412.0,710011.0,158387.0,8248.0,146094.0,4045.0,,,,,2041.0,6207.0,21.10.2020
192,3518.0,369.0,818.0,21.0,708.0,384.0,713529.0,158756.0,7778.0,146912.0,4066.0,,,,,1922.0,5856.0,22.10.2020
193,3457.0,321.0,730.0,20.0,684.0,364.0,716986.0,159077.0,7349.0,147642.0,4086.0,,,,,1752.0,5597.0,23.10.2020
194,2883.0,329.0,774.0,19.0,685.0,366.0,719869.0,159406.0,6885.0,148416.0,4105.0,,,,,2503.0,5400.0,24.10.2020
195,2516.0,292.0,454.0,17.0,668.0,363.0,722385.0,159698.0,6706.0,148870.0,4122.0,,,,,1503.0,5203.0,25.10.2020
196,1027.0,147.0,410.0,19.0,639.0,356.0,723412.0,159845.0,6424.0,149280.0,4141.0,,,,,1389.0,4965.0,26.10.2020
197,2331.0,241.0,639.0,22.0,620.0,346.0,725743.0,160086.0,6004.0,149919.0,4163.0,,,,,1276.0,4728.0,27.10.2020
198,3035.0,288.0,441.0,17.0,605.0,338.0,728778.0,160374.0,5834.0,150360.0,4180.0,,,,,1220.0,4611.0,28.10.2020
199,2604.0,303.0,463.0,15.0,581.0,332.0,731382.0,160677.0,5659.0,150823.0,4195.0,,,,,1164.0,4495.0,29.10.2020
200,2970.0,284.0,322.0,16.0,584.0,333.0,734352.0,160961.0,5605.0,151145.0,4211.0,,,,,1141.0,4464.0,30.10.2020
201,2526.0,373.0,350.0,16.0,576.0,331.0,736878.0,161334.0,5612.0,151495.0,4227.0,,,,,1110.0,4502.0,31.10.2020
202,2587.0,377.0,240.0,17.0,579.0,335.0,739465.0,161711.0,5732.0,151735.0,4244.0,,,,,1052.0,4680.0,1.11.2020
203,1176.0,133.0,154.0,15.0,546.0,324.0,740641.0,161844.0,5696.0,151889.0,4259.0,,,,,1007.0,4689.0,2.11.2020
204,2327.0,247.0,280.0,16.0,528.0,316.0,742968.0,162091.0,5647.0,152169.0,4275.0,,,,,880.0,4767.0,3.11.2020
205,3053.0,328.0,316.0,18.0,494.0,290.0,746021.0,162419.0,5641.0,152485.0,4293.0,,,,,770.0,4769.0,4.11.2020
206,2372.0,228.0,356.0,16.0,481.0,275.0,748393.0,162647.0,5497.0,152841.0,4309.0,,,,,770.0,4750.0,5.11.2020
207,2019.0,241.0,298.0,12.0,365.0,230.0,750412.0,162888.0,5428.0,153139.0,4321.0,,,,,661.0,4767.0,6.11.2020
208,2469.0,169.0,392.0,10.0,399.0,259.0,752881.0,163057.0,5195.0,153531.0,4331.0,,,,,579.0,4616.0,7.11.2020
209,2421.0,217.0,259.0,7.0,396.0,260.0,755302.0,163274.0,5146.0,153790.0,4338.0,,,,,483.0,4593.0,8.11.2020
210,1192.0,160.0,338.0,10.0,387.0,255.0,756494.0,163434.0,4958.0,154128.0,4348.0,,,,,387.0,4571.0,9.11.2020
211,2229.0,185.0,357.0,4.0,378.0,239.0,758723.0,163619.0,4782.0,154485.0,4352.0,,,,,332.0,4450.0,10.11.2020
212,2676.0,217.0,380.0,8.0,359.0,233.0,761399.0,163836.0,4611.0,154865.0,4360.0,,,,,311.0,4300.0,11.11.2020
213,2549.0,279.0,360.0,8.0,356.0,234.0,763948.0,164115.0,4522.0,155225.0,4368.0,,,,,349.0,4173.0,12.11.2020
214,2064.0,226.0,367.0,5.0,354.0,232.0,766012.0,164341.0,4376.0,155592.0,4373.0,,,,,321.0,4055.0,13.11.2020
215,1824.0,248.0,326.0,8.0,358.0,231.0,767836.0,164589.0,4381.0,155918.0,4381.0,,,,,449.0,3932.0,14.11.2020
216,1111.0,153.0,222.0,4.0,360.0,231.0,768947.0,164742.0,4217.0,156140.0,4385.0,,,,,315.0,3902.0,15.11.2020
217,1032.0,137.0,221.0,4.0,370.0,240.0,769979.0,164879.0,4129.0,156361.0,4389.0,,,,,251.0,3878.0,16.11.2020
218,1157.0,163.0,110.0,6.0,383.0,253.0,771136.0,165042.0,4176.0,156471.0,4395.0,,,,,250.0,3926.0,17.11.2020
219,2743.0,384.0,168.0,6.0,392.0,260.0,773879.0,165426.0,4290.0,156639.0,4401.0,,,,,265.0,4120.0,18.11.2020
220,3329.0,411.0,316.0,6.0,385.0,250.0,777208.0,165837.0,4475.0,156955.0,4407.0,,,,,130.0,4345.0,19.11.2020
221,4172.0,372.0,209.0,10.0,378.0,240.0,781380.0,166209.0,4628.0,157164.0,4417.0,,,,,283.0,4345.0,20.11.2020
222,4396.0,443.0,246.0,4.0,395.0,247.0,785766.0,166652.0,4821.0,157410.0,4421.0,,,,,319.0,4502.0,21.11.2020
223,4546.0,330.0,245.0,5.0,390.0,232.0,790322.0,166982.0,4901.0,157655.0,4426.0,,,,,399.0,4502.0,22.11.2020
224,2196.0,206.0,181.0,9.0,422.0,255.0,792518.0,167188.0,4917.0,157836.0,4435.0,,,,,415.0,4391.0,23.11.2020
225,3053.0,416.0,218.0,5.0,419.0,252.0,795571.0,167604.0,5110.0,158054.0,4440.0,,,,,562.0,4548.0,24.11.2020
226,4655.0,426.0,258.0,6.0,409.0,247.0,800226.0,168030.0,5272.0,158312.0,4446.0,,,,,724.0,4548.0,25.11.2020
227,3645.0,430.0,382.0,3.0,403.0,248.0,803871.0,168460.0,5317.0,158694.0,4449.0,,,,,338.0,4979.0,26.11.2020
228,4777.0,406.0,320.0,2.0,413.0,249.0,808648.0,168866.0,5401.0,159014.0,4451.0,,,,,422.0,4979.0,27.11.2020
229,4535.0,528.0,415.0,7.0,400.0,248.0,813183.0,169394.0,5507.0,159429.0,4458.0,,,,,225.0,5282.0,28.11.2020
230,3969.0,400.0,360.0,3.0,409.0,245.0,817152.0,169794.0,5544.0,159789.0,4461.0,,,,,224.0,5320.0,29.11.2020
231,2149.0,185.0,356.0,3.0,416.0,253.0,819301.0,169979.0,5370.0,160145.0,4464.0,,,,,121.0,5249.0,30.11.2020
232,2951.0,371.0,342.0,3.0,408.0,242.0,822252.0,170350.0,5396.0,160487.0,4467.0,,,,,480.0,4916.0,1.12.2020
233,4150.0,347.0,345.0,4.0,408.0,246.0,826402.0,170697.0,5394.0,160832.0,4471.0,,,,,281.0,5113.0,2.12.2020
234,3465.0,355.0,378.0,7.0,422.0,255.0,829867.0,171052.0,5364.0,161210.0,4478.0,,,,,256.0,5108.0,3.12.2020
235,3863.0,366.0,346.0,4.0,429.0,254.0,833730.0,171418.0,5380.0,161556.0,4482.0,,,,,271.0,5109.0,4.12.2020
236,3736.0,351.0,423.0,4.0,425.0,250.0,837466.0,171769.0,5304.0,161979.0,4486.0,,,,,226.0,5078.0,5.12.2020
237,3496.0,309.0,444.0,7.0,422.0,252.0,840962.0,172078.0,5162.0,162423.0,4493.0,,,,,154.0,5008.0,6.12.2020
238,1911.0,202.0,336.0,9.0,414.0,253.0,842873.0,172280.0,5019.0,162759.0,4502.0,,,,,161.0,4858.0,7.12.2020
239,2425.0,279.0,220.0,8.0,412.0,247.0,845298.0,172559.0,5070.0,162979.0,4510.0,,,,,219.0,4851.0,8.12.2020
240,3708.0,338.0,317.0,4.0,411.0,245.0,849006.0,172897.0,5087.0,163296.0,4514.0,,,,,206.0,4881.0,9.12.2020
241,3795.0,258.0,255.0,8.0,413.0,237.0,852801.0,173155.0,5082.0,163551.0,4522.0,,,,,215.0,4867.0,10.12.2020
242,3794.0,247.0,228.0,8.0,382.0,220.0,856595.0,173402.0,5093.0,163779.0,4530.0,,,,,226.0,4867.0,11.12.2020
243,3771.0,317.0,254.0,6.0,383.0,228.0,860366.0,173719.0,5150.0,164033.0,4536.0,,,,,271.0,4879.0,12.12.2020
244,4014.0,294.0,317.0,2.0,387.0,224.0,864380.0,174013.0,5125.0,164350.0,4538.0,,,,,223.0,4902.0,13.12.2020
245,1921.0,196.0,257.0,5.0,386.0,224.0,866301.0,174209.0,5059.0,164607.0,4543.0,,,,,157.0,4902.0,14.12.2020
246,2278.0,243.0,346.0,6.0,373.0,224.0,868579.0,174452.0,4950.0,164953.0,4549.0,,,,,157.0,4793.0,15.12.2020
247,3699.0,302.0,293.0,7.0,374.0,222.0,872278.0,174754.0,4952.0,165246.0,4556.0,,,,,107.0,4845.0,16.12.2020
248,3270.0,363.0,268.0,3.0,373.0,226.0,875548.0,175117.0,5044.0,165514.0,4559.0,,,,,199.0,4845.0,17.12.2020
249,3658.0,298.0,276.0,5.0,379.0,231.0,879206.0,175415.0,5061.0,165790.0,4564.0,,,,,153.0,4908.0,18.12.2020
250,2929.0,328.0,279.0,8.0,388.0,237.0,882135.0,175743.0,5102.0,166069.0,4572.0,,,,,194.0,4908.0,19.12.2020
251,2809.0,322.0,228.0,5.0,388.0,235.0,884944.0,176065.0,5191.0,166297.0,4577.0,,,,,179.0,5012.0,20.12.2020
252,1862.0,163.0,252.0,4.0,390.0,226.0,886806.0,176228.0,5098.0,166549.0,4581.0,,,,,94.0,5004.0,21.12.2020
253,2540.0,234.0,306.0,6.0,391.0,226.0,889346.0,176462.0,5020.0,166855.0,4587.0,,,,,59.0,4961.0,22.12.2020
254,3447.0,307.0,451.0,1.0,385.0,225.0,892793.0,176769.0,4875.0,167306.0,4588.0,,,,,59.0,4816.0,23.12.2020
255,3109.0,278.0,481.0,4.0,383.0,224.0,895902.0,177047.0,4668.0,167787.0,4592.0,,,,,128.0,4540.0,24.12.2020
256,3103.0,311.0,493.0,5.0,387.0,226.0,899005.0,177358.0,4481.0,168280.0,4597.0,,,,,239.0,4242.0,25.12.2020
257,2801.0,222.0,412.0,7.0,389.0,229.0,901806.0,177580.0,4284.0,168692.0,4604.0,,,,,289.0,3995.0,26.12.2020
258,2883.0,292.0,470.0,9.0,387.0,226.0,904689.0,177872.0,4097.0,169162.0,4613.0,,,,,301.0,3796.0,27.12.2020
259,2284.0,148.0,409.0,4.0,333.0,207.0,906973.0,178020.0,3832.0,169571.0,4617.0,,,,,289.0,3543.0,28.12.2020
260,2380.0,238.0,480.0,6.0,313.0,169.0,909353.0,178258.0,3584.0,170051.0,4623.0,,,,,328.0,3256.0,29.12.2020
261,4023.0,282.0,349.0,3.0,242.0,145.0,913376.0,178540.0,3514.0,170400.0,4626.0,,,,,347.0,3167.0,30.12.2020
262,3819.0,229.0,421.0,5.0,246.0,152.0,917195.0,178769.0,3317.0,170821.0,4631.0,,,,,260.0,3057.0,31.12.2020
263,4140.0,302.0,324.0,1.0,250.0,160.0,921335.0,179071.0,3294.0,171145.0,4632.0,,,,,452.0,2842.0,1.1.2021
264,3844.0,237.0,477.0,8.0,257.0,165.0,925179.0,179308.0,3046.0,171622.0,4640.0,,,,,489.0,2557.0,2.1.2021
265,4082.0,290.0,420.0,7.0,250.0,155.0,929261.0,179598.0,2909.0,172042.0,4647.0,,,,,536.0,2372.0,3.1.2021
266,2901.0,135.0,202.0,5.0,202.0,,932162.0,179733.0,2837.0,172244.0,4652.0,,,,,661.0,2176.0,4.1.2021
267,3398.0,233.0,343.0,2.0,222.0,,935560.0,179966.0,2725.0,172587.0,4654.0,,,,,746.0,1979.0,5.1.2021
268,5414.0,321.0,353.0,6.0,230.0,,940974.0,180287.0,2687.0,172940.0,4660.0,,,,,942.0,1745.0,6.1.2021
269,5043.0,202.0,393.0,3.0,202.0,,946017.0,180674.0,2678.0,173333.0,4663.0,,,,,917.0,1761.0,7.1.2021
270,4555.0,291.0,249.0,5.0,196.0,,950572.0,180965.0,2715.0,173582.0,4668.0,,,,,930.0,1785.0,8.1.2021
271,4480.0,282.0,347.0,4.0,210.0,,955052.0,181247.0,2646.0,173929.0,4672.0,,,,,909.0,1737.0,9.1.2021
272,3954.0,264.0,214.0,7.0,208.0,,959006.0,181511.0,2689.0,174143.0,4679.0,,,,,921.0,1768.0,10.1.2021
273,2543.0,140.0,144.0,3.0,213.0,,961549.0,181651.0,2682.0,174287.0,4853.0,,,,,1036.0,1646.0,11.1.2021
274,2660.0,224.0,241.0,4.0,216.0,,964209.0,181875.0,2661.0,174528.0,4686.0,,,,,857.0,1804.0,12.1.2021
275,3907.0,314.0,246.0,4.0,212.0,,968116.0,182189.0,2725.0,174774.0,4690.0,,,,,1032.0,1693.0,13.1.2021
276,3591.0,259.0,380.0,3.0,208.0,,971707.0,182448.0,2601.0,175154.0,4693.0,,,,,1064.0,1537.0,14.1.2021
277,3161.0,261.0,240.0,3.0,206.0,,974868.0,182709.0,2619.0,175394.0,4696.0,,,,,1036.0,1550.0,15.1.2021
278,3049.0,192.0,234.0,4.0,201.0,,977917.0,182901.0,2573.0,175628.0,4700.0,,,,,1009.0,1564.0,16.1.2021
279,3205.0,273.0,345.0,3.0,206.0,,981122.0,183174.0,2498.0,175973.0,4703.0,,,,,2498.0,1508.0,17.1.2021
280,2042.0,121.0,151.0,6.0,206.0,,983164.0,183295.0,2462.0,176124.0,4709.0,,,,,1009.0,1453.0,18.1.2021
281,2340.0,182.0,335.0,5.0,203.0,,985504.0,183477.0,2304.0,176459.0,4714.0,,,,,1009.0,1295.0,19.1.2021
282,3852.0,310.0,353.0,6.0,206.0,,989356.0,183787.0,2255.0,176812.0,4720.0,,,,,1009.0,1246.0,20.1.2021
283,3487.0,227.0,304.0,5.0,205.0,,992843.0,184014.0,2173.0,177116.0,4725.0,,,,,1009.0,1246.0,21.1.2021
284,3428.0,232.0,290.0,4.0,206.0,,996271.0,184246.0,2111.0,177406.0,4729.0,,,,,897.0,1214.0,22.1.2021
285,3742.0,228.0,258.0,6.0,204.0,,1000013.0,184474.0,2075.0,177664.0,4735.0,,,,,914.0,1161.0,23.1.2021
286,3836.0,208.0,229.0,3.0,206.0,,1003849.0,184632.0,2051.0,177893.0,4738.0,,,,,978.0,1073.0,24.1.2021
287,2385.0,98.0,123.0,1.0,205.0,,1006234.0,184780.0,2025.0,178016.0,4739.0,,,,,1009.0,1016.0,25.1.2021
288,2402.0,225.0,258.0,3.0,206.0,,1008636.0,185005.0,1989.0,178274.0,4742.0,,,,,1009.0,980.0,26.1.2021
289,3071.0,128.0,168.0,2.0,202.0,,1011707.0,185133.0,1947.0,178442.0,4744.0,,,,,1009.0,938.0,27.1.2021
290,3634.0,224.0,149.0,4.0,206.0,,1015341.0,185357.0,2018.0,178591.0,4748.0,,,,,1051.0,967.0,28.1.2021
291,4395.0,201.0,204.0,5.0,204.0,,1019736.0,185558.0,2010.0,178795.0,4753.0,,,,,1019.0,991.0,29.1.2021
292,4152.0,172.0,181.0,6.0,202.0,,1023888.0,185730.0,1995.0,178976.0,4759.0,,,,,903.0,1092.0,30.1.2021
293,4115.0,192.0,238.0,5.0,201.0,,1028003.0,185922.0,1944.0,179214.0,4764.0,,,,,1004.0,940.0,31.1.2021
294,2431.0,102.0,236.0,2.0,156.0,,1030434.0,186024.0,1808.0,179450.0,4766.0,,,,,878.0,930.0,1.2.2021
295,2692.0,176.0,247.0,2.0,155.0,,1033126.0,192181.0,1735.0,185678.0,4768.0,,,,,881.0,835.0,2.2.2021
296,4053.0,198.0,306.0,1.0,109.0,,1037179.0,192379.0,1626.0,185984.0,4769.0,,,,,885.0,741.0,3.2.2021
297,3886.0,228.0,328.0,3.0,109.0,,1041065.0,192607.0,1523.0,186312.0,4772.0,,,,,831.0,692.0,4.2.2021
298,3357.0,195.0,224.0,2.0,110.0,,1044422.0,192802.0,1492.0,186536.0,4774.0,,,,,840.0,652.0,5.2.2021
299,3239.0,180.0,265.0,0.0,112.0,,1047661.0,192982.0,1407.0,186801.0,4774.0,,,,,794.0,613.0,6.2.2021
300,2906.0,196.0,219.0,1.0,110.0,,1050567.0,193178.0,1383.0,187020.0,4775.0,,,,,815.0,568.0,7.2.2021
301,1945.0,162.0,145.0,4.0,113.0,,1052512.0,193340.0,1396.0,187165.0,4779.0,,,,,805.0,591.0,8.2.2021
302,2232.0,216.0,197.0,4.0,120.0,,1054744.0,193556.0,1411.0,187362.0,4783.0,,,,,773.0,638.0,9.2.2021
303,3344.0,239.0,170.0,5.0,131.0,,1058088.0,193795.0,1475.0,187532.0,4788.0,,,,,735.0,740.0,10.2.2021
304,3230.0,256.0,113.0,1.0,134.0,,1061318.0,194051.0,1617.0,187645.0,4789.0,,,,,812.0,805.0,11.2.2021
305,3382.0,258.0,350.0,5.0,135.0,,1064700.0,194309.0,1520.0,187995.0,4794.0,,,,,829.0,691.0,12.2.2021
306,3607.0,331.0,291.0,2.0,142.0,,1068307.0,194640.0,1558.0,188286.0,4796.0,,,,,829.0,729.0,13.2.2021
307,3508.0,354.0,248.0,3.0,145.0,,1071815.0,194994.0,1661.0,188534.0,4799.0,,,,,863.0,798.0,14.2.2021
308,2376.0,193.0,169.0,2.0,151.0,,1074191.0,195187.0,1683.0,188703.0,4801.0,,,,,902.0,781.0,15.2.2021
309,2620.0,309.0,272.0,1.0,142.0,,1076811.0,195496.0,1719.0,188975.0,4802.0,,,,,946.0,835.0,16.2.2021
310,4304.0,428.0,262.0,4.0,145.0,,1081115.0,195924.0,1881.0,189237.0,4806.0,,,,,991.0,890.0,17.2.2021
311,4424.0,465.0,184.0,6.0,154.0,,1085539.0,196389.0,2156.0,189421.0,4812.0,,,,,1070.0,1086.0,18.2.2021
312,4254.0,527.0,280.0,4.0,159.0,,1089793.0,196916.0,2399.0,189701.0,4816.0,,,,,1132.0,1267.0,19.2.2021
313,4634.0,414.0,247.0,5.0,160.0,,1094427.0,197330.0,2561.0,189948.0,4821.0,,,,,1195.0,1366.0,20.2.2021
314,4707.0,634.0,294.0,5.0,164.0,,1099134.0,197964.0,2896.0,190242.0,4826.0,,,,,1284.0,1612.0,21.2.2021
315,4414.0,328.0,318.0,4.0,172.0,,1103548.0,198292.0,2902.0,190560.0,4830.0,,,,,1384.0,1518.0,22.2.2021
316,4606.0,661.0,358.0,4.0,201.0,,1108154.0,198953.0,3201.0,190918.0,4834.0,,,,,1453.0,1748.0,23.2.2021
317,6514.0,743.0,2382.0,3.0,207.0,,1114668.0,199696.0,3559.0,191300.0,4837.0,,,,,1984.0,1575.0,24.2.2021
318,6556.0,766.0,391.0,4.0,231.0,,1121224.0,200462.0,3930.0,191691.0,4841.0,,,,,2056.0,1874.0,25.2.2021
319,7108.0,727.0,398.0,6.0,245.0,,1128332.0,201189.0,4253.0,192089.0,4847.0,,,,,2089.0,2164.0,26.2.2021
320,8041.0,739.0,412.0,6.0,260.0,,1136373.0,201928.0,4574.0,192501.0,4853.0,,,,,2104.0,2470.0,27.2.2021
321,7473.0,774.0,427.0,2.0,261.0,,1143846.0,202702.0,4919.0,192928.0,4855.0,,,,,2449.0,2470.0,28.2.2021
322,4815.0,406.0,415.0,4.0,262.0,,1148661.0,203108.0,4906.0,193343.0,4859.0,,,,,1990.0,2913.0,1.3.2021
323,6124.0,688.0,498.0,5.0,278.0,,1154785.0,203796.0,5091.0,193841.0,4864.0,,,,,2428.0,2663.0,2.3.2021
324,8013.0,853.0,388.0,5.0,281.0,,1162798.0,204649.0,5551.0,194229.0,4869.0,,,,,2428.0,3123.0,3.3.2021
325,7585.0,904.0,562.0,7.0,294.0,,1170383.0,205553.0,5886.0,194791.0,4876.0,,,,,2491.0,3395.0,4.3.2021
326,7267.0,830.0,551.0,5.0,300.0,,1177650.0,206383.0,6160.0,195342.0,4881.0,,,,,2491.0,3669.0,5.3.2021
327,7609.0,963.0,659.0,4.0,321.0,,1185259.0,207346.0,6460.0,196001.0,4885.0,,,,,2506.0,3954.0,6.3.2021
328,6743.0,984.0,750.0,5.0,341.0,,1192002.0,208330.0,6689.0,196751.0,4890.0,,,,,2589.0,4100.0,7.3.2021
329,6534.0,753.0,700.0,7.0,358.0,,1198536.0,209083.0,6735.0,196751.0,4897.0,,,,,2551.0,4184.0,8.3.2021
330,6090.0,1086.0,795.0,6.0,321.0,,1204626.0,210169.0,7020.0,198246.0,4903.0,,,,,2608.0,4412.0,9.3.2021
331,7721.0,1352.0,646.0,7.0,364.0,,1212347.0,211521.0,7719.0,198892.0,4910.0,,,,,3010.0,4709.0,10.3.2021
332,8553.0,1504.0,675.0,7.0,357.0,,1220900.0,213025.0,8541.0,199567.0,4917.0,,,,,3550.0,4991.0,11.3.2021
333,8602.0,1805.0,598.0,8.0,341.0,,1229502.0,214830.0,9740.0,200165.0,4925.0,,,,,2922.0,6818.0,12.3.2021
334,9762.0,1633.0,638.0,12.0,351.0,,1239264.0,216463.0,10723.0,200803.0,4937.0,,,,,4020.0,6703.0,13.3.2021
335,9122.0,1740.0,858.0,15.0,355.0,,1248396.0,218203.0,11590.0,201661.0,4952.0,,,,,4667.0,6923.0,14.3.2021
336,7266.0,1082.0,678.0,10.0,370.0,,1255652.0,219285.0,11984.0,202339.0,4962.0,,,,,5112.0,6872.0,15.3.2021
337,8044.0,1925.0,677.0,7.0,394.0,,1263696.0,221210.0,13225.0,203016.0,4969.0,,,,,3328.0,9897.0,16.3.2021
338,11230.0,2587.0,769.0,11.0,425.0,,1274926.0,223797.0,15032.0,203785.0,4980.0,,,,,3928.0,11104.0,17.3.2021
339,11835.0,2752.0,885.0,22.0,440.0,,1286761.0,226549.0,16877.0,204670.0,5002.0,,,,,4789.0,12088.0,18.3.2021
340,12625.0,2834.0,499.0,15.0,499.0,,1299386.0,229383.0,18888.0,205478.0,5017.0,,,,,3705.0,15183.0,19.3.2021
341,14484.0,3111.0,1094.0,16.0,538.0,,1313870.0,232494.0,20889.0,206572.0,5033.0,,,,,9679.0,11210.0,20.3.2021
342,12929.0,2900.0,1245.0,20.0,519.0,,1326799.0,235394.0,22524.0,207817.0,5053.0,,,,,9790.0,12734.0,21.3.2021
343,11890.0,2342.0,1789.0,15.0,524.0,,1338689.0,237736.0,23062.0,209606.0,5068.0,,,,,2942.0,20120.0,22.3.2021
344,11310.0,3098.0,1698.0,22.0,555.0,,1349999.0,240834.0,24440.0,211304.0,5090.0,,,,,3002.0,21438.0,23.3.2021
345,16185.0,3509.0,1410.0,24.0,589.0,,1366184.0,244343.0,26515.0,212714.0,5114.0,,,,,3004.0,23511.0,24.3.2021
346,16578.0,3286.0,1200.0,23.0,599.0,,1382762.0,247629.0,28578.0,213914.0,5137.0,,,,,3122.0,25456.0,25.3.2021
347,16799.0,3594.0,2165.0,24.0,612.0,,1399561.0,251223.0,29983.0,216079.0,5161.0,,,,,3365.0,26618.0,26.3.2021
348,17633.0,3463.0,2584.0,30.0,621.0,,1417194.0,254686.0,30832.0,218663.0,5191.0,,,,,3503.0,27329.0,27.3.2021
349,16804.0,4426.0,2107.0,28.0,645.0,,1433998.0,259112.0,33123.0,220770.0,5219.0,,,,,3217.0,29906.0,28.3.2021
350,15153.0,2547.0,2771.0,24.0,674.0,,1449151.0,261659.0,32875.0,223541.0,5243.0,,,,,4343.0,28532.0,29.3.2021
351,13436.0,3226.0,3268.0,27.0,725.0,,1462587.0,264885.0,32806.0,226809.0,5270.0,,,,,4849.0,27957.0,30.3.2021
352,16446.0,4458.0,3374.0,32.0,799.0,,1479033.0,269343.0,33858.0,230183.0,5302.0,,,,,5811.0,28047.0,31.3.2021
353,20681.0,4103.0,2077.0,35.0,825.0,,1499714.0,273446.0,35849.0,232260.0,5337.0,,,,,5439.0,30410.0,1.4.2021
354,20073.0,4653.0,3337.0,39.0,475.0,,1519787.0,278099.0,37126.0,235597.0,5376.0,,,,,5554.0,31572.0,2.4.2021
355,20066.0,5720.0,3293.0,35.0,837.0,,1539853.0,283819.0,39518.0,238890.0,5411.0,,,,,5669.0,33849.0,3.4.2021
356,17774.0,6225.0,3762.0,41.0,901.0,,1557627.0,290044.0,41940.0,242652.0,5452.0,,,,,6145.0,35795.0,4.4.2021
357,18720.0,4077.0,3240.0,36.0,919.0,,1576347.0,294121.0,42741.0,245892.0,5488.0,,,,,6269.0,36472.0,5.4.2021
358,17389.0,5600.0,3481.0,38.0,915.0,,1593736.0,299721.0,44822.0,249373.0,5526.0,,,,,6421.0,38401.0,6.4.2021
359,26120.0,5651.0,4361.0,41.0,957.0,,1619856.0,305372.0,46071.0,253734.0,5567.0,,,,,6556.0,39515.0,7.4.2021
360,23595.0,7010.0,4099.0,43.0,999.0,,1643451.0,312382.0,48939.0,257833.0,5610.0,,,,,7168.0,41771.0,8.4.2021
361,27986.0,5647.0,4587.0,44.0,1003.0,,1671437.0,318029.0,49955.0,262420.0,5654.0,,,,,7471.0,42484.0,9.4.2021
362,25504.0,4953.0,4389.0,46.0,1014.0,,1696941.0,322982.0,50473.0,266809.0,5700.0,,,,,7476.0,42997.0,10.4.2021
363,24773.0,6679.0,4628.0,48.0,1045.0,,1721714.0,329661.0,52476.0,271437.0,5748.0,,,,,7822.0,44654.0,11.4.2021
364,22466.0,4849.0,3896.0,53.0,1050.0,,1744180.0,334510.0,53376.0,275333.0,5801.0,,,,,7977.0,45399.0,12.4.2021
365,21166.0,5313.0,4573.0,55.0,1086.0,,1765346.0,339823.0,54061.0,279906.0,5856.0,,,,,8033.0,46028.0,13.4.2021
366,21325.0,4206.0,4895.0,46.0,1158.0,,1786671.0,344029.0,53326.0,284801.0,5902.0,,,,,8293.0,45033.0,14.4.2021
367,21922.0,5395.0,4321.0,49.0,1172.0,,1808593.0,349424.0,54351.0,289122.0,5951.0,,,,,8627.0,45724.0,15.4.2021
368,23564.0,5373.0,5049.0,51.0,1196.0,,1832157.0,354797.0,54624.0,294171.0,6002.0,,,,,8935.0,45689.0,16.4.2021
369,24506.0,6006.0,5609.0,54.0,1236.0,,1856663.0,360803.0,54967.0,299780.0,6056.0,,,,,9173.0,45794.0,17.4.2021
370,24072.0,6434.0,4712.0,53.0,1250.0,,1880735.0,367237.0,56636.0,304492.0,6109.0,,,,,9307.0,47329.0,18.4.2021
371,20889.0,4587.0,6473.0,54.0,1267.0,,1901624.0,371824.0,54696.0,310965.0,6163.0,,,,,9466.0,45230.0,19.4.2021
372,20204.0,5138.0,6802.0,55.0,1277.0,,1921828.0,376962.0,52977.0,317767.0,6218.0,,,,,8619.0,44358.0,20.4.2021
373,24409.0,5529.0,6530.0,56.0,1313.0,,1946237.0,382491.0,51920.0,324297.0,6274.0,,,,,9856.0,42064.0,21.4.2021
374,22277.0,4539.0,4851.0,56.0,1313.0,,1968514.0,387030.0,51552.0,329148.0,6330.0,,,,,9884.0,41668.0,22.4.2021
375,22962.0,4465.0,5634.0,58.0,1328.0,,1991476.0,391495.0,50325.0,334782.0,6388.0,,,,,10334.0,39991.0,23.4.2021
376,22227.0,3991.0,4789.0,55.0,1364.0,,2013703.0,395486.0,49472.0,339571.0,6443.0,,,,,10265.0,39207.0,24.4.2021
377,20348.0,4631.0,4759.0,55.0,1369.0,,2034051.0,400117.0,49289.0,344330.0,6498.0,,,,,10252.0,39037.0,25.4.2021
378,16112.0,2538.0,4351.0,56.0,1371.0,,2050163.0,402655.0,47420.0,348681.0,6554.0,,,,,10211.0,37209.0,26.4.2021
379,16650.0,3871.0,6159.0,57.0,1368.0,,2066813.0,406526.0,45075.0,354840.0,6611.0,,,,,10276.0,34799.0,27.4.2021
380,20277.0,3978.0,4936.0,58.0,1379.0,,2087090.0,410504.0,44059.0,359776.0,6669.0,,,,,10398.0,33661.0,28.4.2021
381,20501.0,4895.0,4688.0,63.0,1392.0,,2107591.0,415399.0,44203.0,364464.0,6732.0,,,,,10251.0,33952.0,29.4.2021
382,19537.0,4119.0,5013.0,65.0,1391.0,,2127128.0,419518.0,43244.0,369477.0,6797.0,,,,,9563.0,33681.0,30.4.2021
383,19336.0,4069.0,4339.0,67.0,1402.0,,2146464.0,423587.0,42907.0,373816.0,6864.0,,,,,9428.0,33479.0,1.5.2021
384,16610.0,4044.0,4656.0,66.0,1401.0,,2163074.0,427631.0,42229.0,378472.0,6930.0,,,,,9198.0,33031.0,2.5.2021
385,12276.0,2579.0,4096.0,61.0,1411.0,,2175350.0,430210.0,40701.0,382518.0,6991.0,,,,,8955.0,31746.0,3.5.2021
386,15098.0,2879.0,3678.0,63.0,1413.0,,2190448.0,433089.0,39839.0,386196.0,7054.0,,,,,8704.0,31135.0,4.5.2021
387,19790.0,3260.0,3303.0,64.0,1415.0,,2210238.0,436349.0,39732.0,389499.0,7118.0,,,,,8633.0,31099.0,5.5.2021
388,18862.0,2902.0,2986.0,66.0,1414.0,,2229100.0,439251.0,39582.0,392485.0,7184.0,,,,,8316.0,31266.0,6.5.2021
389,16763.0,2451.0,3491.0,61.0,1411.0,,2245863.0,441702.0,38481.0,395976.0,7245.0,,,,,7923.0,30558.0,7.5.2021
390,17118.0,2837.0,4673.0,59.0,1403.0,,2262981.0,444539.0,36586.0,400649.0,7304.0,,,,,7609.0,28977.0,8.5.2021
391,13107.0,2025.0,4825.0,54.0,1401.0,,2276088.0,446564.0,33732.0,405474.0,7358.0,,,,,7959.0,25773.0,9.5.2021
392,11499.0,1165.0,4010.0,51.0,1402.0,,2287587.0,447729.0,30836.0,409484.0,7409.0,,,,,7479.0,23357.0,10.5.2021
393,11996.0,2404.0,3486.0,52.0,1399.0,,2299583.0,450133.0,29702.0,412970.0,7461.0,,,,,9013.0,20689.0,11.5.2021
394,13981.0,1931.0,4567.0,52.0,1395.0,,2313564.0,452064.0,27014.0,417537.0,7513.0,,,,,9379.0,17635.0,12.5.2021
395,12738.0,2393.0,4135.0,50.0,1372.0,,2326302.0,454457.0,25222.0,421672.0,7563.0,,,,,9279.0,15943.0,13.5.2021
396,13908.0,1836.0,3318.0,48.0,1381.0,,2340210.0,456293.0,23692.0,424990.0,7611.0,,,,,8835.0,14857.0,14.5.2021
397,12409.0,1693.0,3033.0,48.0,1413.0,,2352619.0,457986.0,22304.0,428023.0,7659.0,,,,,8541.0,13763.0,15.5.2021
398,11553.0,1317.0,2985.0,47.0,1415.0,,2364172.0,459303.0,20589.0,431008.0,7706.0,,,,,8209.0,12380.0,16.5.2021
399,7862.0,684.0,3290.0,43.0,1385.0,,2372034.0,459987.0,17940.0,434298.0,7749.0,,,,,7768.0,10672.0,17.5.2021
400,9258.0,1021.0,2892.0,46.0,1364.0,,2381292.0,461008.0,16523.0,436690.0,7795.0,,,,,6458.0,10065.0,18.5.2021
401,10806.0,1164.0,2407.0,48.0,1348.0,,2392098.0,462172.0,15232.0,439097.0,7843.0,,,,,6356.0,8876.0,19.5.2021
402,12226.0,931.0,1076.0,44.0,1328.0,,2404324.0,463103.0,15043.0,440173.0,7887.0,,,,,6239.0,8804.0,20.5.2021
403,11676.0,973.0,2496.0,41.0,1315.0,,2416000.0,464076.0,13479.0,442669.0,7928.0,,,,,6132.0,7347.0,21.5.2021
404,11380.0,840.0,1949.0,40.0,1309.0,,2427380.0,464916.0,12330.0,444618.0,7968.0,,,,,6101.0,6229.0,22.5.2021
405,9066.0,709.0,2324.0,39.0,1291.0,,2436446.0,465625.0,10676.0,446942.0,8007.0,,,,,6035.0,4641.0,23.5.2021
406,7582.0,494.0,1410.0,36.0,1059.0,,2444028.0,466119.0,9724.0,448352.0,8043.0,,,,,4705.0,5019.0,24.5.2021
407,7737.0,739.0,1560.0,35.0,1032.0,,2451765.0,466858.0,8868.0,449912.0,8078.0,,,,,3814.0,5504.0,25.5.2021
408,8751.0,683.0,1158.0,37.0,1020.0,,2460516.0,467541.0,8356.0,451070.0,8115.0,,,,,3693.0,4663.0,26.5.2021
409,8193.0,588.0,921.0,33.0,996.0,,2468709.0,468129.0,7990.0,451991.0,8148.0,,,,,3309.0,4681.0,27.5.2021
410,8200.0,573.0,999.0,29.0,981.0,,2476909.0,468702.0,7535.0,452990.0,8177.0,,,,,3166.0,4369.0,28.5.2021
411,7966.0,559.0,1023.0,27.0,963.0,,2484875.0,469261.0,7044.0,454014.0,8204.0,,,,,2811.0,4233.0,29.5.2021
412,7423.0,486.0,887.0,28.0,954.0,,2492298.0,469747.0,6615.0,454900.0,8232.0,,,,,2871.0,3744.0,30.5.2021
413,4439.0,180.0,751.0,24.0,844.0,,2496737.0,469527.0,6020.0,455651.0,8256.0,,,,,2963.0,3057.0,31.5.2021
414,5964.0,384.0,858.0,28.0,784.0,,2502701.0,470311.0,5518.0,456509.0,8284.0,,,,,2864.0,2654.0,1.6.2021
415,7483.0,467.0,651.0,29.0,761.0,,2510184.0,470778.0,5305.0,457160.0,8313.0,,,,,2683.0,2622.0,2.6.2021
416,8166.0,450.0,515.0,27.0,742.0,,2518350.0,471228.0,5213.0,457675.0,8340.0,,,,,2286.0,2927.0,3.6.2021
417,7871.0,349.0,699.0,21.0,721.0,,2526221.0,471577.0,4842.0,458374.0,8361.0,,,,,2210.0,2632.0,4.6.2021
418,6909.0,380.0,641.0,18.0,709.0,,2533130.0,471957.0,4563.0,459015.0,8379.0,,,,,2299.0,2264.0,5.6.2021
419,5868.0,297.0,549.0,16.0,662.0,,2538998.0,472254.0,4295.0,459564.0,8395.0,,,,,2000.0,2295.0,6.6.2021
420,4775.0,177.0,514.0,15.0,625.0,,2543773.0,472431.0,3943.0,460078.0,8410.0,,,,,1916.0,2027.0,7.6.2021
421,5052.0,297.0,529.0,12.0,589.0,,2548825.0,472728.0,3699.0,460607.0,8422.0,,,,,1969.0,1730.0,8.6.2021
422,6758.0,311.0,456.0,15.0,563.0,,2555583.0,473039.0,3539.0,461063.0,8437.0,,,,,1691.0,1848.0,9.6.2021
423,5753.0,261.0,333.0,10.0,535.0,,2561336.0,473300.0,3457.0,461396.0,8447.0,,,,,1528.0,1929.0,10.6.2021
424,6076.0,239.0,367.0,9.0,519.0,,2567412.0,473539.0,3320.0,461763.0,8456.0,,,,,1518.0,1802.0,11.6.2021
425,5829.0,331.0,459.0,10.0,517.0,,2573241.0,473870.0,3182.0,462222.0,8466.0,,,,,1463.0,1719.0,12.6.2021
426,5532.0,242.0,388.0,9.0,511.0,,2578773.0,474112.0,3027.0,462610.0,8475.0,,,,,1463.0,1564.0,13.6.2021
427,3441.0,187.0,319.0,7.0,502.0,,2582214.0,474299.0,2888.0,462929.0,8482.0,,,,,1343.0,1545.0,14.6.2021
428,4748.0,246.0,351.0,10.0,483.0,,2586962.0,474545.0,2773.0,463280.0,8492.0,,,,,1334.0,1439.0,15.6.2021
429,5958.0,295.0,321.0,9.0,451.0,,2592920.0,474840.0,2738.0,463601.0,8501.0,,,,,1247.0,1491.0,16.6.2021
430,5817.0,257.0,284.0,8.0,437.0,,2598737.0,475097.0,2703.0,463885.0,8509.0,,,,,1247.0,1456.0,17.6.2021
431,5951.0,280.0,318.0,7.0,409.0,,2604688.0,475377.0,2658.0,464203.0,8516.0,,,,,1231.0,1427.0,18.6.2021
432,5724.0,211.0,302.0,8.0,387.0,,2610412.0,475588.0,2559.0,464505.0,8524.0,,,,,1189.0,1370.0,19.6.2021
433,4500.0,266.0,255.0,7.0,373.0,,2614912.0,475854.0,2563.0,464760.0,8531.0,,,,,1370.0,1193.0,20.6.2021
434,3872.0,136.0,223.0,6.0,359.0,,2618784.0,475990.0,2470.0,464983.0,8537.0,,,,,1154.0,1316.0,21.6.2021
435,4878.0,220.0,331.0,5.0,342.0,,2623662.0,476210.0,2354.0,465314.0,8542.0,,,,,1132.0,1222.0,22.6.2021
436,5437.0,283.0,255.0,7.0,331.0,,2629099.0,476493.0,2375.0,465569.0,8549.0,,,,,1077.0,1298.0,23.6.2021
437,5696.0,333.0,187.0,5.0,323.0,,2634795.0,476826.0,2516.0,465756.0,8554.0,,,,,1048.0,1468.0,24.6.2021
438,5795.0,258.0,246.0,6.0,314.0,,2640590.0,477084.0,2522.0,466002.0,8560.0,,,,,1048.0,1474.0,25.6.2021
439,5859.0,226.0,335.0,5.0,309.0,,2646449.0,477310.0,2408.0,466337.0,8565.0,,,,,1068.0,1340.0,26.6.2021
440,5271.0,274.0,257.0,6.0,296.0,,2651720.0,477584.0,2419.0,466594.0,8571.0,,,,,1057.0,1362.0,27.6.2021
441,4176.0,157.0,280.0,7.0,291.0,,2655896.0,477741.0,2289.0,466874.0,8578.0,,,,,1057.0,1232.0,28.6.2021
442,5362.0,268.0,232.0,5.0,288.0,,2661258.0,478009.0,2320.0,467106.0,8583.0,,,,,1063.0,1257.0,29.6.2021
443,6707.0,508.0,266.0,5.0,287.0,,2667965.0,478517.0,2557.0,467372.0,8588.0,,,,,1056.0,1501.0,30.6.2021
444,6484.0,286.0,133.0,6.0,285.0,,2674449.0,478803.0,2704.0,467505.0,8594.0,,,,,1062.0,1642.0,1.7.2021
445,6694.0,269.0,220.0,5.0,285.0,,2681143.0,479072.0,2748.0,467725.0,8599.0,,,,,1076.0,1672.0,2.7.2021
446,6731.0,344.0,283.0,7.0,291.0,,2687874.0,479416.0,2802.0,468008.0,8606.0,,,,,1076.0,1726.0,3.7.2021
447,5700.0,316.0,297.0,6.0,297.0,,2693608.0,479732.0,2700.0,468337.0,8612.0,,,,,1090.0,1693.0,4.7.2021
448,4084.0,150.0,249.0,5.0,290.0,,2697692.0,479882.0,2679.0,468586.0,8617.0,,,,,1097.0,1882.0,5.7.2021
449,5228.0,268.0,226.0,5.0,284.0,,2702920.0,480150.0,2716.0,468812.0,8622.0,,,,,1085.0,1631.0,6.7.2021
450,7026.0,432.0,271.0,6.0,252.0,,2709946.0,480582.0,2871.0,469083.0,8628.0,,,,,1057.0,1814.0,7.7.2021
451,6099.0,331.0,253.0,8.0,244.0,,2716045.0,480913.0,2941.0,469336.0,8626.0,,,,,1064.0,1877.0,8.7.2021
452,6980.0,314.0,231.0,6.0,236.0,,2722935.0,481227.0,3018.0,469567.0,8642.0,,,,,1049.0,1969.0,9.7.2021
453,7226.0,320.0,302.0,5.0,231.0,,2730161.0,481547.0,3031.0,469869.0,8647.0,,,,,1072.0,1959.0,10.7.2021
454,6074.0,287.0,228.0,5.0,227.0,,2736235.0,481834.0,3085.0,470097.0,8652.0,,,,,1068.0,2017.0,11.7.2021
455,4802.0,189.0,279.0,4.0,225.0,,2741037.0,482023.0,2991.0,470376.0,8656.0,,,,,1068.0,1923.0,12.7.2021
456,5840.0,228.0,244.0,7.0,226.0,,2746877.0,482251.0,2868.0,470720.0,8663.0,,,,,1089.0,1779.0,13.7.2021
457,8099.0,331.0,277.0,5.0,227.0,,2754976.0,482582.0,2917.0,470997.0,8668.0,,,,,1058.0,1859.0,14.7.2021
458,7696.0,334.0,212.0,6.0,225.0,,2762672.0,482916.0,3033.0,471209.0,8674.0,,,,,1042.0,1991.0,15.7.2021
459,7950.0,283.0,268.0,6.0,229.0,,2770622.0,483199.0,3042.0,471477.0,8680.0,,,,,1046.0,1996.0,16.7.2021
460,8052.0,321.0,432.0,5.0,234.0,,2778674.0,483520.0,2926.0,471909.0,8685.0,,,,,1035.0,1891.0,17.7.2021
461,7058.0,364.0,331.0,5.0,236.0,,2785732.0,483884.0,2954.0,472240.0,8690.0,,,,,1035.0,1919.0,18.7.2021
462,6277.0,196.0,289.0,6.0,235.0,,2792009.0,484080.0,2855.0,472529.0,8696.0,,,,,1037.0,1818.0,19.7.2021
463,7178.0,276.0,310.0,6.0,229.0,,2799187.0,484356.0,2815.0,472839.0,8702.0,,,,,1037.0,1778.0,20.7.2021
464,9697.0,346.0,287.0,7.0,227.0,,2808884.0,484702.0,2867.0,473126.0,8709.0,,,,,1015.0,1852.0,21.7.2021
465,7791.0,333.0,187.0,6.0,224.0,,2816675.0,484035.0,3007.0,473313.0,8715.0,,,,,982.0,2025.0,22.7.2021
466,8403.0,250.0,222.0,5.0,224.0,,2825078.0,485285.0,3030.0,473535.0,8720.0,,,,,948.0,2082.0,23.7.2021
467,7620.0,181.0,331.0,5.0,226.0,,2832698.0,485466.0,2875.0,473866.0,8725.0,,,,,947.0,1928.0,24.7.2021
468,6987.0,250.0,327.0,6.0,231.0,,2839685.0,485716.0,2792.0,474193.0,8731.0,,,,,945.0,1847.0,25.7.2021
469,4595.0,139.0,284.0,5.0,225.0,,2844280.0,485855.0,2642.0,474477.0,8736.0,,,,,916.0,1726.0,26.7.2021
470,5884.0,216.0,304.0,6.0,222.0,,2850164.0,486071.0,2548.0,474781.0,8742.0,,,,,920.0,1628.0,27.7.2021
471,7930.0,294.0,347.0,7.0,224.0,,2858094.0,486365.0,2488.0,475128.0,8749.0,,,,,913.0,1575.0,28.7.2021
472,7775.0,304.0,196.0,7.0,226.0,,2865869.0,486669.0,2589.0,475324.0,8756.0,,,,,892.0,1697.0,29.7.2021
473,6970.0,236.0,243.0,5.0,223.0,,2872839.0,486905.0,2577.0,475567.0,8761.0,,,,,892.0,1685.0,30.7.2021
474,8450.0,260.0,335.0,6.0,220.0,,2881289.0,487165.0,2496.0,475902.0,8767.0,,,,,883.0,1613.0,31.7.2021
475,6617.0,256.0,333.0,7.0,,,2887906.0,487421.0,,476235.0,8774.0,,,,,883.0,1529.0,1.8.2021
476,7200.0,142.0,243.0,5.0,218.0,,2895106.0,487563.0,2306.0,476478.0,8779.0,,,,,865.0,1441.0,2.8.2021
477,5453.0,237.0,181.0,7.0,216.0,,2900559.0,487800.0,2355.0,476659.0,8786.0,,,,,861.0,2335.0,3.8.2021
478,8312.0,249.0,250.0,6.0,213.0,,2908871.0,488049.0,2348.0,476909.0,8792.0,,,,,869.0,1479.0,4.8.2021
479,8469.0,244.0,139.0,5.0,209.0,,2917340.0,488293.0,2448.0,477048.0,8797.0,,,,,882.0,1566.0,5.8.2021
480,9766.0,185.0,237.0,5.0,206.0,,2927106.0,488478.0,2391.0,477285.0,8802.0,,,,,866.0,1525.0,6.8.2021
481,9217.0,204.0,294.0,6.0,203.0,,2936323.0,488682.0,2295.0,477579.0,8808.0,,,,,866.0,1525.0,7.8.2021
482,7640.0,220.0,304.0,5.0,202.0,,2943963.0,488902.0,2206.0,477883.0,8813.0,,,,,870.0,1425.0,8.8.2021
483,6313.0,119.0,236.0,3.0,236.0,,2950276.0,489021.0,2086.0,478119.0,8816.0,,,,,844.0,1362.0,9.8.2021
484,7620.0,226.0,254.0,7.0,203.0,,2957896.0,489247.0,2051.0,478373.0,,,,,,844.0,1242.0,10.8.2021
485,9900.0,259.0,256.0,5.0,204.0,,2967796.0,489506.0,2049.0,478629.0,8828.0,,,,,843.0,1206.0,11.8.2021
486,9485.0,226.0,142.0,4.0,204.0,,2977281.0,489732.0,2129.0,478771.0,8832.0,,,,,838.0,1291.0,12.8.2021
487,9211.0,238.0,237.0,5.0,198.0,,2986492.0,489970.0,2125.0,479008.0,8837.0,,,,,844.0,1281.0,13.8.2021
488,9371.0,258.0,249.0,6.0,201.0,,2995863.0,490228.0,2128.0,479257.0,8843.0,,,,,846.0,1282.0,14.8.2021
489,8876.0,218.0,244.0,4.0,204.0,,3004739.0,490446.0,2098.0,479501.0,8847.0,,,,,,,15.8.2021
490,6272.0,128.0,185.0,6.0,203.0,,3011011.0,490574.0,2035.0,479686.0,8853.0,,,,,849.0,1136.0,16.8.2021
491,6101.0,168.0,188.0,5.0,200.0,,3017112.0,490742.0,2010.0,479874.0,8858.0,,,,,853.0,1157.0,17.8.2021
492,9604.0,266.0,215.0,5.0,202.0,,3026716.0,491008.0,2056.0,480089.0,8863.0,,,,,840.0,1216.0,18.8.2021
493,9507.0,254.0,119.0,5.0,206.0,,3036223.0,491262.0,2186.0,480208.0,8868.0,,,,,,,19.8.2021
494,9668.0,182.0,216.0,6.0,208.0,,3045891.0,491444.0,2146.0,480424.0,8874.0,,,,,862.0,1284.0,20.8.2021
495,8733.0,221.0,254.0,5.0,209.0,,3054624.0,491665.0,2108.0,480678.0,8879.0,,,,,862.0,1246.0,21.8.2021
496,7619.0,197.0,222.0,6.0,209.0,,3062243.0,491862.0,2077.0,480900.0,8885.0,,,,,843.0,1234.0,22.8.2021
497,5778.0,97.0,233.0,5.0,205.0,,3068021.0,491959.0,1936.0,481133.0,8890.0,,,,,836.0,1100.0,23.8.2021
498,5811.0,205.0,250.0,3.0,203.0,,3073832.0,493786.0,1888.0,483005.0,8893.0,,,,,844.0,1044.0,24.8.2021
499,8961.0,399.0,216.0,5.0,208.0,,3082793.0,494185.0,2066.0,483221.0,8898.0,,,,,828.0,1238.0,25.8.2021
500,9278.0,282.0,122.0,4.0,210.0,,3092071.0,494467.0,2222.0,483343.0,8902.0,,,,,850.0,1372.0,26.8.2021
501,9685.0,237.0,163.0,5.0,206.0,,3101756.0,494724.0,2311.0,483506.0,8907.0,,,,,832.0,1479.0,27.8.2021
502,9312.0,244.0,261.0,5.0,208.0,,3111068.0,494968.0,2289.0,483767.0,8912.0,,,,,832.0,1457.0,28.8.2021
503,7601.0,247.0,249.0,5.0,207.0,,3118669.0,495215.0,2282.0,484016.0,8917.0,,,,,861.0,1421.0,29.8.2021
504,6802.0,128.0,171.0,5.0,198.0,,3125471.0,495343.0,2234.0,484187.0,8922.0,,,,,847.0,1387.0,30.8.2021
505,7840.0,243.0,208.0,4.0,204.0,,3133311.0,495586.0,2265.0,484395.0,8926.0,,,,,854.0,1411.0,31.8.2021
506,10156.0,292.0,189.0,5.0,205.0,,3143467.0,495878.0,2363.0,484584.0,8931.0,,,,,849.0,1514.0,1.9.2021
507,9484.0,222.0,107.0,4.0,204.0,,3152951.0,496100.0,2474.0,484691.0,8935.0,,,,,853.0,1621.0,2.9.2021
508,9011.0,244.0,205.0,5.0,204.0,,3161962.0,496344.0,2508.0,484896.0,8940.0,,,,,853.0,1655.0,3.9.2021
509,10094.0,199.0,391.0,5.0,207.0,,3172056.0,496543.0,2311.0,485287.0,8945.0,,,,,865.0,1446.0,4.9.2021
510,7987.0,229.0,278.0,4.0,208.0,,3180043.0,496772.0,2258.0,485565.0,8949.0,,,,,862.0,1396.0,5.9.2021
511,6097.0,165.0,252.0,4.0,211.0,,3186140.0,496937.0,2167.0,485817.0,8953.0,,,,,866.0,1301.0,6.9.2021
512,6425.0,218.0,239.0,5.0,211.0,,3192565.0,497155.0,2141.0,486056.0,8958.0,,,,,847.0,1294.0,7.9.2021
513,10698.0,257.0,242.0,4.0,212.0,,3203263.0,497412.0,2152.0,486298.0,8962.0,,,,,2152.0,1288.0,8.9.2021
514,8865.0,200.0,123.0,3.0,213.0,,3212128.0,497612.0,2226.0,486421.0,8965.0,,,,,859.0,1367.0,9.9.2021
515,8329.0,241.0,239.0,4.0,214.0,,3220457.0,497853.0,2224.0,486660.0,8969.0,,,,,839.0,1385.0,10.9.2021
516,6879.0,134.0,287.0,4.0,215.0,,3227336.0,497987.0,2067.0,486947.0,8973.0,,,,,845.0,1222.0,11.9.2021
517,5755.0,196.0,218.0,4.0,217.0,,3233091.0,498183.0,2041.0,487165.0,8977.0,,,,,845.0,1196.0,12.9.2021
518,5603.0,107.0,239.0,4.0,205.0,,3238694.0,498290.0,1905.0,487404.0,8981.0,,,,,807.0,1098.0,13.9.2021
519,6050.0,178.0,194.0,2.0,191.0,,3244744.0,498468.0,1887.0,487598.0,8983.0,,,,,791.0,1096.0,14.9.2021
520,7973.0,199.0,225.0,3.0,188.0,,3252717.0,498667.0,1858.0,487823.0,8986.0,,,,,812.0,1046.0,15.9.2021
521,9420.0,215.0,161.0,4.0,188.0,,3262137.0,498882.0,1908.0,487984.0,8990.0,,,,,807.0,1101.0,16.9.2021
522,7831.0,171.0,213.0,4.0,181.0,,3269968.0,499053.0,1862.0,488197.0,8994.0,,,,,821.0,1041.0,17.9.2021
523,7891.0,175.0,253.0,3.0,176.0,,3277859.0,499228.0,1781.0,488450.0,8997.0,,,,,871.0,910.0,18.9.2021
524,7697.0,145.0,197.0,4.0,178.0,,3285556.0,499373.0,1725.0,488647.0,9001.0,,,,,753.0,972.0,19.9.2021
525,6011.0,86.0,237.0,3.0,173.0,,3291567.0,499459.0,1571.0,488884.0,9004.0,,,,,759.0,812.0,20.9.2021
526,6187.0,159.0,130.0,4.0,180.0,,3297754.0,489014.0,1596.0,489014.0,9008.0,,,,,745.0,851.0,21.9.2021
527,8458.0,170.0,192.0,1.0,178.0,,3306212.0,499788.0,1573.0,489206.0,9009.0,,,,,751.0,822.0,22.9.2021
528,8032.0,171.0,105.0,2.0,181.0,,3314244.0,499959.0,1637.0,489311.0,9011.0,,,,,755.0,882.0,23.9.2021
529,8509.0,121.0,174.0,3.0,183.0,,3322753.0,500080.0,1581.0,489485.0,9014.0,,,,,761.0,820.0,24.9.2021
530,8285.0,171.0,196.0,4.0,185.0,,3331038.0,500251.0,1552.0,489681.0,9018.0,,,,,768.0,784.0,25.9.2021
531,8694.0,134.0,211.0,2.0,182.0,,3339732.0,500385.0,1473.0,489892.0,9020.0,,,,,686.0,787.0,26.9.2021
532,5937.0,109.0,167.0,2.0,182.0,,3345669.0,500494.0,1413.0,490059.0,9022.0,,,,,691.0,722.0,27.9.2021
533,5901.0,158.0,172.0,3.0,183.0,,3351570.0,500652.0,1396.0,490231.0,9025.0,,,,,685.0,711.0,28.9.2021
534,8237.0,189.0,141.0,2.0,184.0,,3359807.0,500841.0,1442.0,490372.0,9027.0,,,,,685.0,757.0,29.9.2021
535,7841.0,185.0,138.0,2.0,184.0,,3367648.0,501026.0,1487.0,490510.0,9029.0,,,,,675.0,812.0,30.9.2021
536,8419.0,155.0,138.0,2.0,185.0,,3376067.0,501181.0,1502.0,490648.0,9031.0,,,,,693.0,809.0,1.10.2021
537,7674.0,171.0,131.0,2.0,184.0,,3383741.0,501352.0,1540.0,490779.0,9033.0,,,,,688.0,852.0,2.10.2021
538,6564.0,151.0,169.0,3.0,214.0,,3390305.0,501503.0,1519.0,490948.0,9036.0,,,,,675.0,844.0,3.10.2021
539,5550.0,125.0,118.0,2.0,219.0,,3395855.0,501628.0,1524.0,491066.0,9038.0,,,,,668.0,856.0,4.10.2021
540,6159.0,162.0,167.0,2.0,191.0,,3402014.0,501790.0,1517.0,491233.0,9040.0,,,,,673.0,844.0,5.10.2021
541,7427.0,182.0,132.0,3.0,189.0,,3409441.0,501972.0,1564.0,491365.0,9043.0,,,,,668.0,896.0,6.10.2021
542,7562.0,129.0,107.0,3.0,184.0,,3417003.0,502101.0,1583.0,491472.0,9046.0,,,,,679.0,904.0,7.10.2021
543,8525.0,125.0,155.0,3.0,187.0,,3425528.0,491627.0,1550.0,491627.0,9049.0,,,,,679.0,905.0,8.10.2021
544,6895.0,121.0,187.0,2.0,180.0,,3432423.0,502347.0,1482.0,491814.0,9051.0,,,,,675.0,807.0,9.10.2021
545,5927.0,118.0,183.0,2.0,175.0,,3438350.0,502465.0,1415.0,491997.0,9053.0,,,,,656.0,759.0,10.10.2021
546,4651.0,86.0,153.0,1.0,182.0,,3443001.0,502551.0,1347.0,492150.0,9054.0,,,,,659.0,688.0,11.10.2021
547,5390.0,115.0,169.0,2.0,186.0,,3448391.0,502666.0,1291.0,492319.0,9056.0,,,,,655.0,636.0,12.10.2021
548,7214.0,129.0,148.0,1.0,181.0,,3455605.0,502795.0,1271.0,492467.0,9057.0,,,,,651.0,620.0,13.10.2021
549,7075.0,103.0,123.0,2.0,177.0,,3462680.0,502898.0,1249.0,492590.0,9059.0,,,,,652.0,597.0,14.10.2021
550,6868.0,87.0,160.0,1.0,177.0,,3469548.0,502985.0,1175.0,492750.0,9060.0,,,,,652.0,523.0,15.10.2021
551,4360.0,84.0,179.0,2.0,171.0,,3473908.0,503069.0,1078.0,492929.0,9062.0,,,,,619.0,459.0,16.10.2021
552,5488.0,106.0,126.0,2.0,166.0,,3479396.0,503175.0,1056.0,493055.0,9064.0,,,,,608.0,448.0,17.10.2021
553,4675.0,70.0,122.0,1.0,164.0,,3484071.0,503245.0,1003.0,493177.0,9065.0,,,,,589.0,414.0,18.10.2021
554,4780.0,112.0,119.0,2.0,158.0,,3488851.0,503357.0,994.0,493296.0,9067.0,,,,,548.0,446.0,19.10.2021
555,5986.0,112.0,118.0,0.0,151.0,,3494837.0,503469.0,988.0,493414.0,9067.0,,,,,525.0,463.0,20.10.2021
556,5710.0,79.0,83.0,0.0,163.0,,3500547.0,503548.0,984.0,493497.0,9067.0,,,,,508.0,476.0,21.10.2021
557,5763.0,91.0,113.0,2.0,160.0,,3506310.0,503639.0,960.0,493610.0,9069.0,,,,,496.0,464.0,22.10.2021
558,5769.0,94.0,126.0,1.0,154.0,,3512079.0,503733.0,927.0,493736.0,9070.0,,,,,496.0,431.0,23.10.2021
559,5061.0,71.0,103.0,2.0,141.0,,3517140.0,503804.0,893.0,493839.0,9072.0,,,,,471.0,422.0,24.10.2021
560,3533.0,55.0,86.0,1.0,143.0,,3520673.0,503859.0,861.0,493925.0,9073.0,,,,,473.0,388.0,25.10.2021
561,3864.0,61.0,82.0,0.0,141.0,,3524537.0,503920.0,840.0,494007.0,9073.0,,,,,464.0,376.0,26.10.2021
562,5490.0,96.0,104.0,0.0,139.0,,3530027.0,504016.0,832.0,494111.0,9073.0,,,,,459.0,373.0,27.10.2021
563,4961.0,83.0,69.0,1.0,131.0,,3534988.0,504099.0,845.0,494180.0,9074.0,,,,,443.0,402.0,28.10.2021
564,5493.0,57.0,110.0,0.0,135.0,,3540481.0,504156.0,792.0,494290.0,9074.0,,,,,435.0,357.0,29.10.2021
565,6200.0,59.0,112.0,0.0,124.0,,3546681.0,504215.0,739.0,494402.0,9074.0,,,,,430.0,309.0,30.10.2021
566,5239.0,71.0,79.0,0.0,112.0,,3551920.0,504286.0,731.0,494481.0,9074.0,,,,,374.0,357.0,31.10.2021
567,4098.0,44.0,89.0,0.0,,,3556018.0,504375.0,686.0,494570.0,9074.0,,,,,368.0,318.0,1.11.2021
568,4302.0,67.0,93.0,0.0,93.0,,3560320.0,504397.0,660.0,494663.0,9074.0,,,,,395.0,265.0,2.11.2021
569,5269.0,98.0,69.0,2.0,94.0,,3565589.0,504495.0,687.0,494732.0,9076.0,,,,,368.0,319.0,3.11.2021
570,4852.0,94.0,54.0,0.0,99.0,,3570441.0,504589.0,727.0,494732.0,9076.0,,,,,342.0,385.0,4.11.2021
571,3332.0,54.0,61.0,0.0,100.0,,3573773.0,504643.0,720.0,494847.0,9076.0,,,,,342.0,385.0,5.11.2021
572,2610.0,47.0,96.0,1.0,105.0,,3576383.0,504690.0,670.0,494943.0,9077.0,,,,,322.0,348.0,6.11.2021
573,5667.0,69.0,82.0,0.0,103.0,,3582050.0,504759.0,657.0,495025.0,9077.0,,,,,322.0,348.0,7.11.2021
574,3695.0,47.0,57.0,0.0,104.0,,3585745.0,504806.0,647.0,495082.0,9077.0,,,,,317.0,330.0,8.11.2021
575,5054.0,113.0,59.0,0.0,114.0,,3590799.0,504919.0,701.0,495141.0,9077.0,,,,,359.0,,9.11.2021
576,5686.0,83.0,71.0,2.0,115.0,,3596485.0,505002.0,711.0,495212.0,9079.0,,,,,359.0,352.0,10.11.2021
577,5176.0,75.0,44.0,0.0,106.0,,3601661.0,505077.0,742.0,495256.0,9079.0,,,,,360.0,382.0,11.11.2021
578,5371.0,86.0,67.0,1.0,113.0,,3607032.0,505163.0,760.0,495323.0,9080.0,,,,,348.0,412.0,12.11.2021
579,4890.0,92.0,96.0,2.0,102.0,,3611922.0,505255.0,754.0,495419.0,9082.0,,,,,350.0,404.0,13.11.2021
580,4432.0,108.0,94.0,2.0,101.0,,3616354.0,505363.0,766.0,495513.0,9084.0,,,,,333.0,433.0,14.11.2021
581,4081.0,48.0,54.0,1.0,97.0,,3620435.0,505411.0,759.0,495567.0,9085.0,,,,,324.0,,15.11.2021
582,3947.0,96.0,46.0,1.0,104.0,,3624382.0,505507.0,808.0,495613.0,9086.0,,,,,309.0,499.0,16.11.2021
583,5176.0,106.0,69.0,2.0,100.0,,3629558.0,505613.0,843.0,495682.0,9088.0,,,,,312.0,531.0,17.11.2021
584,4797.0,92.0,47.0,2.0,108.0,,3634355.0,505705.0,886.0,495729.0,9090.0,,,,,313.0,573.0,18.11.2021
585,5044.0,75.0,113.0,2.0,99.0,,3639399.0,505780.0,846.0,495842.0,9092.0,,,,,302.0,544.0,19.11.2021
586,4719.0,86.0,81.0,2.0,93.0,,3644118.0,505866.0,849.0,495923.0,9094.0,,,,,338.0,511.0,20.11.2021
587,4171.0,95.0,75.0,2.0,102.0,,3648289.0,505961.0,867.0,495998.0,9096.0,,,,,332.0,535.0,21.11.2021
588,3222.0,45.0,85.0,0.0,98.0,,3651511.0,506006.0,827.0,496083.0,9096.0,,,,,342.0,485.0,22.11.2021
589,3389.0,100.0,90.0,1.0,,,3654900.0,506106.0,836.0,496173.0,9097.0,,,,,325.0,511.0,23.11.2021
590,4842.0,95.0,106.0,2.0,101.0,,3659742.0,506201.0,823.0,496279.0,9099.0,,,,,320.0,503.0,24.11.2021
591,4411.0,90.0,47.0,2.0,105.0,,3664153.0,506291.0,864.0,496326.0,9101.0,,,,,323.0,541.0,25.11.2021
592,4628.0,88.0,95.0,0.0,97.0,,3668781.0,506379.0,857.0,496421.0,9101.0,,,,,329.0,528.0,26.11.2021
593,4569.0,94.0,104.0,2.0,97.0,,3673350.0,506473.0,845.0,496525.0,9103.0,,,,,315.0,530.0,27.11.2021
594,3926.0,97.0,90.0,0.0,95.0,,3677276.0,506570.0,852.0,496615.0,9103.0,,,,,335.0,517.0,28.11.2021
595,3118.0,51.0,73.0,0.0,,,3680394.0,506621.0,830.0,496688.0,9103.0,,,,,317.0,513.0,29.11.2021
596,3869.0,78.0,84.0,0.0,97.0,,3684263.0,506699.0,824.0,496772.0,9103.0,,,,,319.0,505.0,30.11.2021
597,5330.0,97.0,93.0,0.0,,,3689593.0,506796.0,828.0,496865.0,9103.0,,,,,318.0,510.0,1.12.2021
598,5227.0,85.0,45.0,0.0,94.0,,3694820.0,506881.0,868.0,496910.0,9103.0,,,,,307.0,561.0,2.12.2021
599,5962.0,84.0,99.0,1.0,92.0,,3700782.0,506965.0,852.0,497009.0,9104.0,,,,,302.0,550.0,3.12.2021
600,6398.0,90.0,93.0,0.0,,,3707180.0,507055.0,869.0,497102.0,9104.0,,,,,289.0,560.0,4.12.2021
601,5878.0,81.0,88.0,1.0,96.0,,3713058.0,507136.0,841.0,497190.0,9105.0,,,,,292.0,549.0,5.12.2021
602,4426.0,38.0,88.0,0.0,84.0,,3717484.0,507174.0,791.0,497278.0,9105.0,,,,,289.0,502.0,6.12.2021
603,4911.0,74.0,92.0,0.0,79.0,,3722395.0,507248.0,773.0,497370.0,9105.0,,,,,273.0,500.0,7.12.2021
604,6102.0,100.0,97.0,0.0,84.0,,3728437.0,507348.0,776.0,497467.0,9105.0,,,,,273.0,503.0,8.12.2021
605,6239.0,68.0,51.0,1.0,85.0,,3734736.0,507416.0,792.0,4975518.0,9106.0,,,,,283.0,509.0,9.12.2021
606,6500.0,77.0,78.0,1.0,79.0,,3741236.0,507493.0,790.0,497596.0,9107.0,,,,,287.0,505.0,10.12.2021
607,6192.0,86.0,97.0,1.0,83.0,,3747428.0,507579.0,778.0,497693.0,9108.0,,,,,273.0,505.0,11.12.2021
608,5989.0,96.0,85.0,0.0,82.0,,3753417.0,507675.0,789.0,497778.0,9108.0,,,,,283.0,506.0,12.12.2021
609,4486.0,53.0,83.0,1.0,80.0,,3757903.0,507728.0,758.0,497861.0,9109.0,,,,,271.0,487.0,13.12.2021
610,4168.0,71.0,90.0,0.0,85.0,,3762071.0,507799.0,739.0,497951.0,9109.0,,,,,289.0,450.0,14.12.2021
611,6229.0,120.0,80.0,0.0,85.0,,3768300.0,507919.0,779.0,498031.0,9109.0,,,,,289.0,490.0,15.12.2021
612,6027.0,122.0,38.0,0.0,85.0,,3774327.0,508041.0,863.0,508041.0,9109.0,,,,,301.0,562.0,16.12.2021
613,6219.0,73.0,74.0,0.0,85.0,,3780546.0,508114.0,862.0,498143.0,9109.0,,,,,289.0,574.0,17.12.2021
614,6609.0,92.0,100.0,0.0,91.0,,3787155.0,508206.0,854.0,498243.0,9109.0,,,,,294.0,560.0,18.12.2021
615,6311.0,84.0,64.0,0.0,83.0,,3793466.0,508290.0,874.0,498307.0,9109.0,,,,,301.0,573.0,19.12.2021
616,4269.0,33.0,77.0,0.0,81.0,,3797735.0,508323.0,830.0,498384.0,9109.0,,,,,291.0,539.0,20.12.2021
617,4543.0,95.0,86.0,0.0,81.0,,3802278.0,508418.0,839.0,498470.0,9109.0,,,,,284.0,555.0,21.12.2021
618,6077.0,127.0,96.0,1.0,82.0,,3808355.0,508545.0,869.0,498566.0,9110.0,,,,,278.0,591.0,22.12.2021
619,6692.0,79.0,52.0,1.0,82.0,,3815047.0,508624.0,895.0,498618.0,9111.0,,,,,279.0,616.0,23.12.2021
620,7429.0,120.0,72.0,1.0,77.0,,3822476.0,508744.0,942.0,498690.0,9112.0,,,,,281.0,661.0,24.12.2021
621,7506.0,149.0,119.0,0.0,74.0,,3829982.0,508893.0,972.0,498809.0,9112.0,,,,,281.0,691.0,25.12.2021
622,6075.0,132.0,121.0,2.0,76.0,,3836057.0,509025.0,981.0,498930.0,9114.0,,,,,283.0,698.0,26.12.2021
623,4651.0,80.0,71.0,0.0,76.0,,3840708.0,509105.0,990.0,499001.0,9114.0,,,,,283.0,707.0,27.12.2021
624,4701.0,171.0,91.0,1.0,85.0,,3845409.0,509276.0,1069.0,499092.0,9115.0,,,,,274.0,795.0,28.12.2021
625,6600.0,232.0,83.0,0.0,90.0,,3852009.0,509508.0,1218.0,499175.0,9115.0,,,,,287.0,931.0,29.12.2021
626,6160.0,298.0,33.0,1.0,89.0,,3858169.0,509806.0,1482.0,499208.0,9116.0,,,,,302.0,1180.0,30.12.2021
627,6944.0,412.0,95.0,0.0,92.0,,3865113.0,510218.0,1799.0,499303.0,9116.0,,,,,302.0,1497.0,31.12.2021
628,7588.0,399.0,127.0,1.0,92.0,,3872701.0,510617.0,2070.0,499430.0,9117.0,,,,,306.0,1764.0,1.1.2022
629,6786.0,524.0,79.0,1.0,99.0,,3879487.0,511141.0,2514.0,499509.0,9118.0,,,,,306.0,2208.0,2.1.2022
630,6573.0,444.0,120.0,0.0,101.0,,3886060.0,511585.0,2838.0,499629.0,9118.0,,,,,342.0,2496.0,3.1.2022
631,6819.0,1104.0,151.0,1.0,89.0,,3892879.0,512689.0,3790.0,500144.0,9119.0,,,,,367.0,3423.0,4.1.2022
632,13443.0,1805.0,131.0,0.0,73.0,,3906322.0,514494.0,5464.0,499911.0,9119.0,,,,,447.0,5017.0,5.1.2022
633,15775.0,2284.0,80.0,3.0,106.0,28.0,3922097.0,516778.0,7665.0,499991.0,9122.0,,,,,487.0,7178.0,6.1.2022
634,18086.0,2757.0,628.0,2.0,95.0,21.0,3941083.0,519535.0,9792.0,500619.0,9124.0,,,,,590.0,9202.0,7.1.2022
635,19186.0,2471.0,711.0,2.0,120.0,32.0,3959369.0,522006.0,11550.0,501330.0,9126.0,,,,,755.0,10795.0,8.1.2022
636,18012.0,4029.0,688.0,1.0,134.0,39.0,3977381.0,526035.0,14890.0,502018.0,9127.0,,,,,700.0,14190.0,9.1.2022
637,15139.0,3067.0,857.0,2.0,143.0,34.0,3992520.0,529102.0,17098.0,502875.0,9129.0,,,,,862.0,16236.0,10.1.2022
638,14983.0,3459.0,1104.0,1.0,146.0,38.0,4007503.0,532561.0,19452.0,503979.0,9130.0,,,,,862.0,18590.0,11.1.2022
639,20801.0,4857.0,1805.0,1.0,162.0,33.0,4028304.0,537418.0,22503.0,505784.0,9131.0,,,,,1019.0,21484.0,12.1.2022
640,19868.0,5571.0,2335.0,2.0,182.0,45.0,4048172.0,542989.0,25737.0,508119.0,9133.0,,,,,1128.0,24609.0,13.1.2022
641,20149.0,5480.0,2674.0,1.0,208.0,43.0,4068321.0,548469.0,28542.0,510793.0,9134.0,,,,,1235.0,27307.0,14.1.2022
642,19174.0,5705.0,2338.0,2.0,204.0,44.0,4087495.0,554174.0,31907.0,513131.0,9136.0,,,,,1251.0,30656.0,15.1.2022
643,19119.0,5375.0,3090.0,5.0,217.0,46.0,4106614.0,559549.0,34187.0,516221.0,9141.0,,,,,1280.0,32907.0,16.1.2022
644,15630.0,3959.0,3067.0,6.0,214.0,46.0,4122244.0,563508.0,35073.0,519288.0,9147.0,,,,,1202.0,33871.0,17.1.2022
645,14998.0,6320.0,3381.0,5.0,225.0,57.0,4137242.0,569828.0,38007.0,522669.0,9152.0,,,,,1457.0,36550.0,18.1.2022
646,22183.0,6441.0,4857.0,9.0,258.0,67.0,4159425.0,576269.0,39582.0,527526.0,9161.0,,,,,1339.0,38243.0,19.1.2022
647,20342.0,7264.0,4575.0,7.0,282.0,74.0,4179767.0,583533.0,42264.0,532101.0,9168.0,,,,,1548.0,40716.0,20.1.2022
648,20338.0,8301.0,5480.0,4.0,297.0,74.0,4200105.0,591834.0,45081.0,537581.0,9172.0,,,,,1607.0,43474.0,21.1.2022
649,19034.0,8246.0,7368.0,9.0,301.0,72.0,4219139.0,600080.0,45950.0,544949.0,9181.0,,,,,1655.0,44295.0,22.1.2022
650,17825.0,6299.0,5375.0,11.0,322.0,78.0,4236964.0,606379.0,46863.0,550324.0,9192.0,,,,,1667.0,45196.0,23.1.2022
651,12543.0,3377.0,3931.0,7.0,328.0,76.0,4249507.0,609756.0,46302.0,554255.0,9199.0,,,,,1301.0,45001.0,24.1.2022
652,13200.0,5271.0,6299.0,7.0,349.0,73.0,4262732.0,615027.0,45267.0,560554.0,9206.0,,,,,1631.0,43636.0,25.1.2022
653,18082.0,5521.0,6333.0,3.0,342.0,81.0,4280814.0,620548.0,44452.0,566887.0,9209.0,,,,,1609.0,42843.0,26.1.2022
654,12816.0,4136.0,7410.0,5.0,368.0,79.0,4293630.0,624684.0,41173.0,574297.0,9214.0,,,,,1609.0,39564.0,27.1.2022
655,10980.0,3374.0,8200.0,7.0,358.0,88.0,4304610.0,628058.0,36340.0,582497.0,9221.0,,,,,1460.0,34880.0,28.1.2022
656,12672.0,5410.0,8215.0,7.0,358.0,84.0,4317282.0,633468.0,33528.0,590712.0,9228.0,,,,,1460.0,32068.0,29.1.2022
657,11372.0,3896.0,6283.0,8.0,331.0,87.0,4328654.0,637364.0,31133.0,596995.0,9236.0,,,,,1239.0,29894.0,30.1.2022
658,8383.0,2056.0,3263.0,9.0,336.0,80.0,4337037.0,639420.0,29917.0,600258.0,9245.0,,,,,1316.0,28601.0,31.1.2022
659,8755.0,2075.0,5271.0,9.0,,,4345792.0,641495.0,26712.0,605529.0,9254.0,,,,,1197.0,25515.0,1.2.2022
660,11129.0,2846.0,5521.0,7.0,301.0,76.0,4356921.0,644341.0,24030.0,611050.0,9261.0,,,,,1128.0,22902.0,2.2.2022
661,10536.0,2141.0,4136.0,9.0,288.0,76.0,4367457.0,646482.0,22026.0,615186.0,9270.0,,,,,1081.0,20945.0,3.2.2022
662,9118.0,2110.0,3374.0,10.0,263.0,70.0,4376575.0,648592.0,20752.0,618560.0,9280.0,,,,,972.0,19780.0,4.2.2022
663,8833.0,1490.0,5410.0,9.0,243.0,76.0,4385408.0,650082.0,16823.0,623970.0,9289.0,,,,,898.0,15925.0,5.2.2022
664,7215.0,1434.0,3896.0,9.0,234.0,74.0,4392623.0,651516.0,14352.0,627866.0,9298.0,,,,,891.0,13461.0,6.2.2022
665,5657.0,776.0,2056.0,6.0,228.0,75.0,4398280.0,652292.0,13066.0,629922.0,9304.0,,,,,852.0,12214.0,7.2.2022
666,5048.0,964.0,2075.0,5.0,200.0,72.0,4403328.0,653256.0,11950.0,631997.0,9309.0,,,,,994.0,10956.0,8.2.2022
667,7373.0,1171.0,2846.0,8.0,214.0,65.0,4410701.0,654428.0,10268.0,634843.0,9317.0,,,,,684.0,9584.0,9.2.2022
668,6821.0,868.0,2141.0,7.0,209.0,56.0,4417522.0,655296.0,8988.0,636984.0,9324.0,,,,,764.0,8224.0,10.2.2022
669,6448.0,700.0,2197.0,2.0,204.0,56.0,4423970.0,655996.0,7489.0,639181.0,9326.0,,,,,735.0,8253.0,11.2.2022
670,5451.0,535.0,1490.0,3.0,199.0,56.0,4429421.0,656531.0,6531.0,640671.0,9329.0,,,,,664.0,5687.0,12.2.2022
671,5116.0,424.0,1377.0,2.0,201.0,49.0,4434537.0,656955.0,5576.0,642048.0,9331.0,,,,,664.0,4912.0,13.2.2022
672,3914.0,228.0,920.0,0.0,202.0,48.0,4438451.0,657183.0,4884.0,642968.0,9331.0,,,,,452.0,4432.0,14.2.2022
673,3818.0,334.0,964.0,2.0,191.0,50.0,4442269.0,657517.0,4252.0,643932.0,9333.0,,,,,409.0,3843.0,15.2.2022
674,4780.0,361.0,1165.0,0.0,163.0,45.0,4447049.0,657878.0,3448.0,645097.0,9333.0,,,,,413.0,3035.0,16.2.2022
675,4678.0,448.0,867.0,0.0,145.0,39.0,4451727.0,658326.0,3029.0,645964.0,9333.0,,,,,388.0,2641.0,17.2.2022
676,3910.0,318.0,700.0,1.0,136.0,35.0,4455637.0,658644.0,2646.0,646664.0,9334.0,,,,,399.0,2247.0,18.2.2022
677,4134.0,265.0,535.0,0.0,125.0,34.0,4459771.0,658909.0,2376.0,647199.0,9334.0,,,,,371.0,2005.0,19.2.2022
678,3592.0,225.0,422.0,2.0,126.0,30.0,4463363.0,659134.0,2177.0,647621.0,9336.0,,,,,380.0,1797.0,20.2.2022
679,2593.0,132.0,226.0,1.0,119.0,30.0,4465956.0,659266.0,2082.0,647847.0,9337.0,,,,,484.0,1598.0,21.2.2022
680,3140.0,199.0,333.0,1.0,108.0,27.0,4469096.0,659465.0,1947.0,648180.0,9338.0,,,,,251.0,1696.0,22.2.2022
681,3596.0,188.0,360.0,2.0,106.0,23.0,4472692.0,659653.0,1773.0,648540.0,9340.0,,,,,251.0,1522.0,23.2.2022
682,3490.0,215.0,446.0,2.0,95.0,21.0,4476182.0,659868.0,1540.0,648986.0,9342.0,,,,,233.0,1307.0,24.2.2022
683,3284.0,193.0,318.0,0.0,,,4479466.0,660061.0,1415.0,649304.0,9342.0,,,,,150.0,1265.0,25.2.2022
684,3456.0,176.0,263.0,2.0,63.0,17.0,4482919.0,660237.0,1326.0,649567.0,9344.0,,,,,139.0,1187.0,26.2.2022
685,2611.0,130.0,223.0,1.0,70.0,16.0,4485530.0,660367.0,1232.0,649790.0,9345.0,,,,,,,27.2.2022
686,2649.0,44.0,131.0,0.0,65.0,15.0,4488179.0,660411.0,1145.0,649921.0,9345.0,,,,,120.0,1025.0,28.2.2022
687,2271.0,120.0,199.0,0.0,64.0,14.0,4490450.0,660531.0,1066.0,650120.0,9346.0,,,,,120.0,946.0,1.3.2022
688,2778.0,65.0,188.0,0.0,62.0,14.0,4493228.0,660596.0,943.0,650308.0,9345.0,,,,,126.0,817.0,2.3.2022
689,2969.0,78.0,215.0,1.0,57.0,11.0,4496197.0,660674.0,805.0,650523.0,9346.0,,,,,87.0,718.0,3.3.2022
690,2792.0,120.0,192.0,1.0,53.0,11.0,4498989.0,660794.0,732.0,650715.0,9347.0,,,,,58.0,674.0,4.3.2022
691,2890.0,139.0,175.0,1.0,49.0,11.0,4501879.0,660933.0,695.0,650890.0,9348.0,,,,,54.0,641.0,5.3.2022
692,2703.0,99.0,129.0,0.0,57.0,11.0,4504582.0,661032.0,665.0,651019.0,9348.0,,,,,54.0,611.0,6.3.2022
693,1440.0,29.0,44.0,0.0,52.0,11.0,4506022.0,661061.0,650.0,651063.0,9348.0,,,,,63.0,,7.3.2022
694,2604.0,137.0,120.0,0.0,17.0,4.0,4508626.0,661198.0,667.0,651183.0,9348.0,,,,,56.0,611.0,8.3.2022
695,2518.0,125.0,65.0,0.0,9.0,1.0,4511144.0,661323.0,727.0,651248.0,9348.0,,,,,49.0,678.0,9.3.2022
696,2245.0,116.0,78.0,0.0,9.0,1.0,4513389.0,661439.0,765.0,651326.0,9348.0,,,,,55.0,710.0,10.3.2022
697,2679.0,41.0,120.0,0.0,,,4516068.0,661480.0,686.0,651446.0,9348.0,,,,,26.0,660.0,11.3.2022
698,2314.0,61.0,139.0,0.0,0.0,0.0,4518382.0,661541.0,608.0,651585.0,9348.0,,,,,26.0,528.0,12.3.2022
699,1944.0,65.0,99.0,0.0,1.0,0.0,4520326.0,661606.0,574.0,651684.0,9348.0,,,,,26.0,548.0,13.3.2022
700,1262.0,19.0,29.0,0.0,2.0,1.0,4521588.0,661625.0,564.0,651713.0,9348.0,,,,,,,14.3.2022
701,2101.0,18.0,137.0,0.0,5.0,1.0,4523689.0,661643.0,445.0,651850.0,9348.0,,,,,24.0,421.0,15.3.2022
702,2116.0,21.0,125.0,0.0,3.0,1.0,4525805.0,661664.0,341.0,651975.0,9348.0,,,,,8.0,333.0,16.3.2022
703,2328.0,21.0,116.0,0.0,4.0,0.0,4528133.0,661685.0,246.0,652091.0,9348.0,,,,,11.0,235.0,17.3.2022
704,2099.0,12.0,41.0,0.0,1.0,0.0,4530232.0,661697.0,217.0,652132.0,9348.0,,,,,11.0,206.0,18.3.2022
705,1670.0,10.0,61.0,0.0,1.0,0.0,4531902.0,661707.0,166.0,652193.0,9348.0,,,,,11.0,155.0,19.3.2022
706,1327.0,18.0,65.0,0.0,1.0,0.0,4533229.0,661725.0,119.0,652258.0,9348.0,,,,,11.0,108.0,20.3.2022
707,1278.0,12.0,19.0,0.0,1.0,0.0,4534507.0,661737.0,112.0,652277.0,9348.0,,,,,3.0,109.0,21.3.2022
708,1892.0,20.0,18.0,0.0,1.0,0.0,4536399.0,661757.0,114.0,652295.0,9348.0,,,,,8.0,106.0,22.3.2022
709,2236.0,22.0,21.0,1.0,1.0,0.0,4538635.0,661779.0,114.0,652316.0,9349.0,,,,,,,23.3.2022
710,2104.0,14.0,20.0,0.0,1.0,0.0,4540739.0,661793.0,108.0,652336.0,9349.0,,,,,6.0,102.0,24.3.2022
711,2041.0,15.0,12.0,0.0,1.0,0.0,4542780.0,661808.0,111.0,652348.0,9349.0,,,,,0.0,111.0,25.3.2022
712,1957.0,11.0,10.0,0.0,1.0,0.0,4544737.0,661819.0,112.0,652358.0,9349.0,,,,,1.0,111.0,26.3.2022
713,1695.0,21.0,18.0,0.0,1.0,0.0,4546432.0,661840.0,115.0,652376.0,9349.0,,,,,1.0,114.0,27.3.2022
714,1318.0,7.0,12.0,0.0,1.0,0.0,4547750.0,661847.0,110.0,652388.0,9349.0,,,,,,,28.3.2022
715,1993.0,8.0,20.0,0.0,2.0,0.0,4549743.0,661855.0,98.0,652408.0,9349.0,,,,,2.0,96.0,29.3.2022
716,1889.0,15.0,22.0,0.0,4.0,0.0,4551632.0,661870.0,91.0,652430.0,9349.0,,,,,,,30.3.2022
717,1841.0,42.0,14.0,0.0,3.0,0.0,4553473.0,661912.0,119.0,652444.0,9349.0,,,,,2.0,117.0,31.3.2022
718,1892.0,32.0,15.0,0.0,2.0,0.0,4555365.0,661944.0,136.0,652459.0,9349.0,,,,,,,1.4.2022
719,,,,,,,,,,,,,,,,,,2.4.2022
720,,,,,,,,,,,,,,,,,,3.4.2022
721,1251.0,4.0,7.0,0.0,,,4559983.0,661971.0,124.0,652498.0,9349.0,,,,,0.0,124.0,4.4.2022
722,1310.0,65.0,48.0,0.0,1.0,0.0,4636275.0,663319.0,251.0,653717.0,9351.0,,,,,5.0,246.0,1.6.2022
723,1089.0,64.0,26.0,0.0,,0.0,4637364.0,663383.0,289.0,653743.0,9351.0,,,,,11.0,278.0,2.6.2022
724,1125.0,69.0,30.0,1.0,,,4639640.0,663525.0,370.0,653803.0,9352.0,,,,,15.0,355.0,4.6.2022
725,1536.0,133.0,64.0,0.0,3.0,0.0,4646057.0,663968.0,585.0,654031.0,9352.0,,,,,,,9.6.2022
729,,60.0,,0.0,,,,711562.0,,,9753.0,,,,,,,1.04.2023
730,,43.0,,0.0,,,,711605.0,,,9753.0,,,,,,,2.04.2023
731,,14.0,,0.0,,,,711619.0,,,9753.0,,,,,,,3.04.2023
732,,65.0,,0.0,,,,711684.0,,,9753.0,,,,,,,4.04.2023
733,,64.0,,0.0,,,,711748.0,,,9753.0,,,,,,,5.04.2023
734,,80.0,,0.0,,,,711828.0,,,9753.0,,,,,,,6.04.2023
735,,66.0,,0.0,,,,711894.0,,,9753.0,,,,,,,7.04.2023
736,,71.0,,0.0,,,,711965.0,,,9753.0,,,,,,,8.04.2023
737,,68.0,,0.0,,,,712033.0,,,9753.0,,,,,,,9.04.2023
738,,18.0,,0.0,,,,712051.0,,,9753.0,,,,,,,10.04.2023
739,,65.0,,0.0,,,,712267.0,,,9756.0,,,,,,,13.04.2023
740,,74.0,,0.0,,,,712341.0,,,9756.0,,,,,,,14.04.2023
741,,60.0,,0.0,,,,712401.0,,,9756.0,,,,,,,15.04.2023
742,,48.0,,0.0,,,,712449.0,,,9756.0,,,,,,,16.04.2023
743,,58.0,,0.0,,,,712507.0,,,9756.0,,,,,,,17.04.2023
744,,51.0,,2.0,,,,712558.0,,,9758.0,,,,,,,18.04.2023
745,,83.0,,1.0,,,,712641.0,,,9759.0,,,,,,,19.04.2023
746,,62.0,,2.0,,,,712781.0,,,,,,,,,,21.04.2023
747,,28.0,,0.0,,,,712809.0,,,9762.0,,,,,,,22.04.2023
748,,41.0,,0.0,,,,712850.0,,,9762.0,,,,,,,23.04.2023
749,,11.0,,0.0,,,,712861.0,,,9762.0,,,,,,,24.04.2023
750,,58.0,,0.0,,,,712919.0,,,9762.0,,,,,,,25.04.2023
751,,45.0,,0.0,,,,712964.0,,,9762.0,,,,,,,26.04.2023
752,,69.0,,0.0,,,,713033.0,,,9762.0,,,,,,,27.04.2023
753,,57.0,,0.0,,,,713090.0,,,9762.0,,,,,,,28.04.2023
754,,30.0,,0.0,,,,713120.0,,,9762.0,,,,,,,29.04.2023
755,,31.0,,0.0,,,,713151.0,,,9762.0,,,,,,,30.04.2023
756,,13.0,,0.0,,,,713164.0,,,9762.0,,,,,,,01.05.2023
